,Zod_sign_man,Zod_sign_woman
0,Sagittarius,Leo
2,Pisces,Aries
4,Scorpio,Libra
5,Aries,Gemini
6,Sagittarius,Aries
7,Aquarius,Virgo
8,Aquarius,Pisces
9,Scorpio,Pisces
10,Aries,Aquarius
11,Scorpio,Taurus
12,Virgo,Aquarius
13,Aquarius,Taurus
14,Virgo,Aquarius
15,Virgo,Taurus
17,Aries,Libra
18,Virgo,Gemini
19,Cancer,Pisces
20,Pisces,Aries
21,Leo,Scorpio
22,Pisces,Leo
24,Pisces,Cancer
25,Libra,Taurus
26,Taurus,Virgo
27,Gemini,Leo
28,Virgo,Aries
29,Gemini,Cancer
30,Libra,Gemini
31,Virgo,Aquarius
32,Leo,Aquarius
33,Virgo,Cancer
34,Sagittarius,Cancer
35,Capricorn,Aquarius
36,Aquarius,Sagittarius
37,Scorpio,Scorpio
38,Pisces,Capricorn
39,Libra,Sagittarius
40,Aries,Cancer
41,Capricorn,Pisces
42,Cancer,Virgo
43,Gemini,Scorpio
44,Virgo,Virgo
46,Aries,Libra
47,Pisces,Scorpio
48,Capricorn,Pisces
50,Aries,Gemini
51,Leo,Virgo
52,Cancer,Aquarius
53,Virgo,Cancer
54,Gemini,Sagittarius
55,Sagittarius,Capricorn
56,Aquarius,Cancer
57,Libra,Gemini
58,Taurus,Pisces
59,Libra,Cancer
62,Pisces,Capricorn
63,Aries,Aries
64,Leo,Taurus
65,Pisces,Gemini
68,Cancer,Sagittarius
69,Aquarius,Pisces
71,Gemini,Taurus
72,Aquarius,Aries
73,Gemini,Taurus
74,Aquarius,Pisces
75,Scorpio,Virgo
76,Gemini,Taurus
77,Aries,Cancer
78,Aquarius,Capricorn
79,Taurus,Libra
80,Leo,Virgo
81,Aquarius,Leo
82,Pisces,Cancer
83,Capricorn,Gemini
84,Pisces,Aries
85,Capricorn,Pisces
87,Virgo,Scorpio
88,Leo,Libra
89,Sagittarius,Cancer
90,Leo,Gemini
91,Aries,Sagittarius
92,Sagittarius,Sagittarius
93,Gemini,Cancer
94,Virgo,Aries
95,Aquarius,Aries
96,Scorpio,Scorpio
97,Sagittarius,Cancer
98,Aquarius,Virgo
99,Virgo,Cancer
100,Aquarius,Pisces
101,Sagittarius,Gemini
102,Leo,Aries
103,Gemini,Virgo
106,Pisces,Sagittarius
107,Scorpio,Taurus
108,Cancer,Scorpio
109,Libra,Virgo
110,Pisces,Aries
111,Sagittarius,Sagittarius
112,Cancer,Cancer
113,Libra,Sagittarius
114,Leo,Scorpio
115,Taurus,Scorpio
116,Aries,Gemini
117,Taurus,Leo
118,Sagittarius,Sagittarius
119,Sagittarius,Pisces
120,Leo,Sagittarius
121,Virgo,Aries
122,Pisces,Libra
123,Taurus,Leo
124,Sagittarius,Sagittarius
125,Aries,Pisces
126,Gemini,Aquarius
127,Gemini,Aquarius
128,Sagittarius,Virgo
130,Aries,Libra
131,Libra,Cancer
133,Pisces,Sagittarius
134,Sagittarius,Cancer
135,Scorpio,Taurus
136,Cancer,Sagittarius
137,Virgo,Virgo
138,Aquarius,Scorpio
139,Aquarius,Virgo
140,Taurus,Taurus
141,Taurus,Aquarius
143,Leo,Aries
144,Sagittarius,Virgo
147,Scorpio,Capricorn
148,Aries,Aquarius
149,Cancer,Leo
150,Gemini,Leo
151,Aquarius,Aries
153,Virgo,Aries
154,Capricorn,Aquarius
155,Pisces,Libra
156,Pisces,Aries
157,Leo,Libra
159,Sagittarius,Virgo
160,Aquarius,Leo
161,Aries,Gemini
162,Aries,Leo
163,Aquarius,Scorpio
164,Leo,Gemini
165,Scorpio,Leo
167,Libra,Libra
168,Leo,Gemini
169,Sagittarius,Aries
170,Pisces,Sagittarius
171,Taurus,Gemini
172,Cancer,Aquarius
173,Aquarius,Taurus
174,Aquarius,Capricorn
177,Sagittarius,Libra
178,Libra,Sagittarius
180,Libra,Libra
181,Scorpio,Leo
182,Cancer,Libra
184,Virgo,Sagittarius
185,Aquarius,Pisces
187,Gemini,Aries
188,Taurus,Taurus
189,Sagittarius,Scorpio
190,Pisces,Sagittarius
191,Virgo,Leo
192,Leo,Virgo
193,Gemini,Sagittarius
194,Sagittarius,Scorpio
195,Sagittarius,Aries
196,Gemini,Scorpio
197,Scorpio,Pisces
198,Gemini,Sagittarius
199,Pisces,Virgo
200,Scorpio,Leo
201,Taurus,Gemini
203,Taurus,Aries
204,Aries,Cancer
205,Aquarius,Aries
206,Taurus,Aquarius
207,Leo,Sagittarius
208,Scorpio,Aquarius
210,Virgo,Libra
211,Scorpio,Taurus
212,Gemini,Leo
213,Aquarius,Capricorn
214,Taurus,Aries
215,Capricorn,Scorpio
216,Leo,Scorpio
217,Aquarius,Virgo
218,Aquarius,Aquarius
219,Cancer,Sagittarius
220,Libra,Virgo
221,Leo,Gemini
223,Sagittarius,Leo
225,Gemini,Virgo
226,Aries,Aquarius
227,Cancer,Sagittarius
228,Aquarius,Leo
229,Cancer,Sagittarius
230,Taurus,Leo
231,Aries,Virgo
232,Aries,Virgo
233,Pisces,Aries
234,Gemini,Pisces
235,Libra,Scorpio
236,Gemini,Virgo
239,Aries,Scorpio
241,Libra,Scorpio
242,Libra,Aquarius
243,Capricorn,Aries
244,Gemini,Capricorn
245,Cancer,Sagittarius
246,Gemini,Pisces
248,Capricorn,Pisces
249,Virgo,Gemini
250,Cancer,Aquarius
251,Aquarius,Libra
253,Libra,Scorpio
254,Taurus,Aquarius
255,Leo,Aquarius
256,Cancer,Taurus
257,Taurus,Gemini
258,Capricorn,Aries
259,Scorpio,Aries
260,Scorpio,Pisces
261,Capricorn,Scorpio
262,Taurus,Capricorn
263,Libra,Virgo
264,Taurus,Capricorn
265,Cancer,Pisces
266,Gemini,Aries
267,Libra,Gemini
268,Sagittarius,Aries
269,Leo,Gemini
270,Cancer,Sagittarius
271,Virgo,Aries
272,Libra,Libra
273,Leo,Scorpio
274,Aries,Libra
275,Leo,Libra
276,Scorpio,Cancer
277,Cancer,Cancer
278,Virgo,Scorpio
279,Sagittarius,Sagittarius
280,Cancer,Gemini
281,Taurus,Capricorn
282,Taurus,Libra
284,Scorpio,Scorpio
285,Aries,Leo
286,Gemini,Taurus
287,Scorpio,Capricorn
288,Cancer,Pisces
289,Virgo,Pisces
290,Virgo,Virgo
291,Scorpio,Aries
292,Leo,Leo
293,Virgo,Gemini
294,Aries,Pisces
296,Leo,Libra
297,Scorpio,Taurus
298,Cancer,Scorpio
299,Aquarius,Virgo
300,Taurus,Sagittarius
301,Sagittarius,Cancer
302,Virgo,Libra
303,Leo,Gemini
304,Virgo,Aquarius
305,Libra,Pisces
306,Sagittarius,Aquarius
310,Aquarius,Gemini
311,Sagittarius,Taurus
312,Leo,Leo
313,Virgo,Aries
314,Virgo,Taurus
315,Libra,Cancer
316,Libra,Aries
317,Leo,Taurus
318,Libra,Scorpio
319,Sagittarius,Taurus
320,Capricorn,Pisces
322,Capricorn,Leo
323,Aries,Leo
324,Libra,Leo
325,Pisces,Libra
326,Aries,Leo
327,Taurus,Cancer
328,Taurus,Virgo
329,Scorpio,Leo
330,Leo,Aquarius
331,Pisces,Libra
332,Gemini,Scorpio
333,Scorpio,Sagittarius
334,Scorpio,Gemini
335,Taurus,Capricorn
336,Virgo,Aquarius
337,Pisces,Libra
338,Sagittarius,Capricorn
339,Pisces,Aquarius
340,Virgo,Leo
341,Scorpio,Scorpio
342,Scorpio,Cancer
343,Sagittarius,Aries
344,Aquarius,Sagittarius
345,Scorpio,Sagittarius
346,Gemini,Sagittarius
347,Cancer,Cancer
348,Libra,Taurus
349,Gemini,Pisces
350,Pisces,Cancer
351,Aries,Cancer
352,Scorpio,Gemini
353,Sagittarius,Cancer
354,Libra,Aries
355,Virgo,Taurus
356,Gemini,Aries
357,Leo,Capricorn
358,Virgo,Pisces
359,Cancer,Aries
360,Libra,Gemini
361,Capricorn,Taurus
362,Aquarius,Leo
363,Gemini,Leo
364,Virgo,Aquarius
365,Sagittarius,Cancer
366,Libra,Aquarius
367,Aries,Aquarius
368,Scorpio,Aquarius
369,Scorpio,Virgo
370,Sagittarius,Cancer
371,Taurus,Virgo
372,Pisces,Virgo
373,Scorpio,Virgo
374,Sagittarius,Leo
375,Aries,Libra
376,Taurus,Pisces
377,Taurus,Leo
379,Taurus,Libra
380,Aquarius,Libra
381,Taurus,Cancer
382,Aquarius,Aquarius
383,Capricorn,Aries
384,Scorpio,Pisces
385,Aries,Gemini
386,Taurus,Capricorn
387,Libra,Scorpio
388,Pisces,Taurus
390,Sagittarius,Virgo
391,Aries,Aquarius
392,Taurus,Aries
393,Aquarius,Aquarius
394,Capricorn,Sagittarius
395,Gemini,Libra
396,Libra,Capricorn
397,Sagittarius,Aries
398,Libra,Cancer
399,Taurus,Aries
400,Aries,Gemini
404,Leo,Virgo
405,Aries,Capricorn
406,Aries,Cancer
407,Libra,Pisces
408,Pisces,Aries
409,Leo,Pisces
410,Aquarius,Pisces
411,Libra,Gemini
412,Aries,Taurus
413,Aquarius,Gemini
414,Pisces,Cancer
415,Capricorn,Sagittarius
416,Aquarius,Libra
417,Scorpio,Pisces
418,Pisces,Pisces
419,Taurus,Sagittarius
420,Leo,Capricorn
422,Cancer,Taurus
423,Taurus,Libra
424,Libra,Sagittarius
425,Leo,Pisces
426,Sagittarius,Scorpio
427,Aries,Leo
428,Cancer,Gemini
429,Virgo,Aries
430,Aries,Capricorn
431,Gemini,Libra
432,Leo,Pisces
433,Aquarius,Sagittarius
434,Scorpio,Sagittarius
435,Capricorn,Leo
436,Sagittarius,Taurus
437,Cancer,Cancer
438,Pisces,Aries
440,Sagittarius,Cancer
441,Leo,Aquarius
442,Scorpio,Sagittarius
443,Virgo,Aries
444,Aries,Cancer
445,Gemini,Aries
447,Taurus,Pisces
448,Virgo,Virgo
449,Gemini,Sagittarius
450,Aries,Taurus
451,Gemini,Taurus
452,Leo,Aquarius
453,Virgo,Capricorn
454,Scorpio,Cancer
455,Scorpio,Leo
456,Pisces,Taurus
457,Cancer,Taurus
458,Sagittarius,Leo
459,Capricorn,Taurus
461,Aquarius,Pisces
462,Pisces,Taurus
463,Scorpio,Taurus
464,Libra,Virgo
465,Taurus,Libra
466,Aries,Aquarius
467,Taurus,Capricorn
468,Taurus,Taurus
469,Aquarius,Cancer
470,Cancer,Aquarius
471,Aquarius,Aries
473,Pisces,Leo
474,Libra,Aries
475,Pisces,Pisces
476,Sagittarius,Aries
477,Libra,Aquarius
478,Aquarius,Aries
479,Gemini,Pisces
480,Libra,Virgo
481,Leo,Virgo
482,Libra,Leo
483,Pisces,Taurus
484,Cancer,Capricorn
485,Gemini,Virgo
486,Gemini,Leo
487,Libra,Libra
488,Pisces,Aries
489,Pisces,Gemini
490,Capricorn,Scorpio
491,Taurus,Libra
492,Cancer,Leo
493,Virgo,Capricorn
494,Sagittarius,Aries
497,Pisces,Capricorn
499,Scorpio,Aries
500,Virgo,Aquarius
501,Cancer,Capricorn
503,Capricorn,Capricorn
504,Taurus,Aries
506,Aries,Virgo
507,Scorpio,Cancer
508,Taurus,Capricorn
509,Taurus,Leo
510,Leo,Taurus
511,Virgo,Aquarius
512,Scorpio,Pisces
513,Taurus,Scorpio
514,Gemini,Virgo
515,Aries,Cancer
516,Aquarius,Aquarius
517,Aries,Taurus
518,Capricorn,Leo
519,Scorpio,Scorpio
520,Capricorn,Cancer
521,Aquarius,Capricorn
522,Aries,Taurus
523,Pisces,Sagittarius
524,Gemini,Cancer
527,Aries,Cancer
528,Libra,Sagittarius
530,Sagittarius,Aries
531,Aquarius,Leo
532,Sagittarius,Virgo
534,Pisces,Virgo
535,Capricorn,Leo
537,Leo,Leo
538,Aquarius,Aquarius
539,Gemini,Cancer
540,Leo,Scorpio
541,Leo,Gemini
543,Aries,Gemini
544,Taurus,Virgo
545,Capricorn,Sagittarius
546,Aries,Aquarius
547,Virgo,Scorpio
548,Aquarius,Gemini
549,Leo,Taurus
550,Cancer,Gemini
551,Aquarius,Scorpio
552,Cancer,Cancer
553,Leo,Leo
554,Capricorn,Aries
555,Aquarius,Aries
556,Taurus,Pisces
557,Leo,Virgo
558,Aquarius,Leo
559,Leo,Taurus
560,Capricorn,Libra
561,Pisces,Capricorn
562,Scorpio,Cancer
563,Taurus,Pisces
564,Pisces,Pisces
565,Taurus,Gemini
566,Aquarius,Gemini
567,Pisces,Aries
568,Taurus,Cancer
569,Cancer,Scorpio
570,Leo,Cancer
571,Capricorn,Pisces
572,Scorpio,Virgo
573,Capricorn,Virgo
574,Libra,Taurus
575,Capricorn,Aries
576,Libra,Taurus
577,Cancer,Scorpio
578,Cancer,Capricorn
579,Aquarius,Aries
580,Leo,Taurus
582,Gemini,Scorpio
583,Taurus,Scorpio
584,Taurus,Sagittarius
585,Capricorn,Scorpio
586,Pisces,Scorpio
587,Libra,Cancer
588,Aquarius,Taurus
589,Taurus,Gemini
590,Taurus,Aries
592,Capricorn,Cancer
593,Capricorn,Aries
594,Leo,Pisces
595,Scorpio,Aries
596,Sagittarius,Aquarius
598,Gemini,Libra
599,Taurus,Pisces
600,Sagittarius,Virgo
601,Virgo,Sagittarius
602,Virgo,Sagittarius
603,Gemini,Leo
604,Pisces,Libra
605,Sagittarius,Virgo
606,Taurus,Pisces
607,Sagittarius,Aquarius
608,Taurus,Pisces
609,Aquarius,Pisces
610,Aquarius,Gemini
611,Cancer,Gemini
612,Capricorn,Pisces
613,Aries,Scorpio
614,Libra,Taurus
615,Scorpio,Aquarius
616,Cancer,Sagittarius
617,Aquarius,Gemini
618,Pisces,Cancer
620,Capricorn,Pisces
621,Pisces,Aquarius
622,Libra,Scorpio
623,Taurus,Gemini
624,Aries,Scorpio
629,Libra,Libra
630,Aquarius,Gemini
631,Leo,Scorpio
632,Taurus,Aquarius
633,Virgo,Sagittarius
634,Gemini,Leo
636,Aquarius,Leo
637,Capricorn,Aquarius
638,Taurus,Leo
639,Leo,Sagittarius
641,Capricorn,Taurus
642,Pisces,Taurus
643,Aries,Virgo
644,Sagittarius,Taurus
645,Aquarius,Leo
646,Aquarius,Taurus
647,Gemini,Capricorn
648,Leo,Aries
649,Scorpio,Cancer
650,Leo,Leo
651,Sagittarius,Virgo
652,Scorpio,Capricorn
653,Scorpio,Pisces
654,Gemini,Leo
655,Virgo,Pisces
656,Sagittarius,Capricorn
657,Libra,Capricorn
658,Capricorn,Leo
659,Scorpio,Scorpio
661,Leo,Aquarius
662,Pisces,Leo
663,Aries,Leo
664,Cancer,Capricorn
665,Libra,Leo
666,Cancer,Virgo
668,Capricorn,Pisces
669,Gemini,Scorpio
670,Pisces,Gemini
671,Cancer,Scorpio
672,Aquarius,Aquarius
673,Virgo,Cancer
675,Aries,Aries
676,Scorpio,Gemini
677,Cancer,Aquarius
679,Leo,Scorpio
680,Sagittarius,Sagittarius
681,Aquarius,Capricorn
682,Libra,Capricorn
683,Pisces,Taurus
685,Cancer,Aquarius
686,Sagittarius,Leo
687,Gemini,Pisces
688,Gemini,Scorpio
689,Gemini,Scorpio
690,Capricorn,Gemini
691,Leo,Cancer
693,Aries,Scorpio
694,Aquarius,Taurus
695,Leo,Aquarius
697,Scorpio,Cancer
698,Capricorn,Cancer
700,Libra,Taurus
701,Virgo,Aries
702,Capricorn,Scorpio
703,Virgo,Pisces
704,Gemini,Aquarius
705,Capricorn,Capricorn
706,Cancer,Aquarius
707,Taurus,Aquarius
708,Cancer,Aries
709,Cancer,Cancer
710,Taurus,Gemini
711,Sagittarius,Scorpio
712,Leo,Virgo
713,Aquarius,Taurus
714,Leo,Sagittarius
715,Cancer,Cancer
716,Pisces,Libra
717,Aquarius,Virgo
718,Taurus,Sagittarius
719,Libra,Pisces
720,Aries,Aquarius
721,Aquarius,Aquarius
722,Aries,Pisces
723,Aquarius,Leo
724,Capricorn,Gemini
725,Libra,Aries
726,Libra,Taurus
727,Leo,Sagittarius
728,Scorpio,Aries
729,Scorpio,Aries
730,Libra,Libra
731,Leo,Libra
732,Capricorn,Gemini
733,Gemini,Pisces
734,Sagittarius,Aquarius
735,Scorpio,Taurus
736,Pisces,Gemini
737,Gemini,Pisces
738,Taurus,Taurus
739,Leo,Leo
741,Virgo,Gemini
742,Cancer,Scorpio
743,Taurus,Gemini
744,Cancer,Leo
745,Leo,Taurus
746,Virgo,Virgo
747,Capricorn,Sagittarius
748,Aries,Leo
749,Libra,Gemini
750,Scorpio,Taurus
751,Aries,Virgo
752,Aries,Cancer
753,Leo,Virgo
754,Libra,Aries
755,Virgo,Gemini
756,Gemini,Gemini
757,Aquarius,Cancer
759,Taurus,Sagittarius
760,Aries,Pisces
761,Gemini,Sagittarius
762,Pisces,Capricorn
763,Sagittarius,Aries
764,Scorpio,Cancer
765,Pisces,Capricorn
766,Taurus,Gemini
767,Leo,Aquarius
769,Scorpio,Taurus
770,Leo,Virgo
771,Capricorn,Scorpio
772,Capricorn,Pisces
773,Pisces,Scorpio
774,Cancer,Pisces
775,Virgo,Aries
777,Libra,Virgo
778,Capricorn,Leo
779,Leo,Cancer
780,Scorpio,Capricorn
782,Scorpio,Cancer
783,Aries,Sagittarius
784,Scorpio,Sagittarius
786,Taurus,Pisces
788,Pisces,Cancer
789,Gemini,Leo
790,Gemini,Pisces
791,Taurus,Leo
792,Gemini,Pisces
793,Cancer,Aries
794,Pisces,Aries
795,Capricorn,Cancer
796,Gemini,Aquarius
797,Cancer,Taurus
798,Leo,Pisces
799,Leo,Pisces
800,Scorpio,Gemini
802,Pisces,Libra
803,Taurus,Sagittarius
804,Libra,Taurus
805,Pisces,Scorpio
806,Pisces,Capricorn
807,Libra,Capricorn
808,Pisces,Libra
810,Pisces,Capricorn
811,Taurus,Scorpio
813,Scorpio,Aries
814,Capricorn,Virgo
815,Aquarius,Libra
816,Leo,Gemini
818,Cancer,Gemini
820,Sagittarius,Pisces
821,Aquarius,Virgo
822,Capricorn,Cancer
823,Taurus,Taurus
824,Scorpio,Virgo
825,Pisces,Leo
826,Aquarius,Leo
828,Gemini,Gemini
829,Aquarius,Pisces
830,Libra,Gemini
831,Scorpio,Capricorn
832,Libra,Gemini
833,Cancer,Pisces
834,Taurus,Aries
835,Leo,Virgo
836,Aquarius,Gemini
837,Pisces,Leo
838,Aries,Capricorn
839,Cancer,Pisces
840,Sagittarius,Aquarius
841,Taurus,Pisces
842,Capricorn,Sagittarius
843,Virgo,Aries
844,Sagittarius,Aquarius
845,Taurus,Sagittarius
846,Virgo,Gemini
847,Scorpio,Capricorn
848,Pisces,Pisces
850,Leo,Leo
851,Sagittarius,Scorpio
852,Sagittarius,Aquarius
853,Scorpio,Aquarius
854,Gemini,Gemini
855,Gemini,Leo
856,Gemini,Taurus
857,Libra,Gemini
858,Sagittarius,Aquarius
859,Sagittarius,Libra
860,Scorpio,Taurus
861,Libra,Aquarius
862,Libra,Leo
863,Scorpio,Cancer
864,Sagittarius,Taurus
865,Gemini,Leo
866,Leo,Cancer
867,Virgo,Virgo
868,Taurus,Sagittarius
869,Aries,Sagittarius
870,Taurus,Scorpio
871,Capricorn,Capricorn
872,Leo,Taurus
873,Libra,Pisces
874,Scorpio,Taurus
875,Pisces,Libra
876,Scorpio,Gemini
877,Taurus,Taurus
878,Pisces,Pisces
879,Cancer,Aries
880,Taurus,Cancer
881,Cancer,Virgo
882,Virgo,Leo
883,Taurus,Libra
884,Leo,Cancer
886,Aquarius,Leo
887,Scorpio,Aquarius
888,Scorpio,Capricorn
889,Taurus,Leo
890,Aquarius,Virgo
891,Pisces,Sagittarius
892,Aries,Virgo
893,Cancer,Scorpio
895,Gemini,Sagittarius
896,Pisces,Capricorn
897,Leo,Leo
898,Aquarius,Leo
899,Sagittarius,Virgo
900,Scorpio,Virgo
901,Leo,Pisces
902,Leo,Taurus
903,Virgo,Sagittarius
904,Aries,Capricorn
905,Taurus,Cancer
906,Virgo,Aries
907,Libra,Taurus
908,Pisces,Pisces
909,Cancer,Libra
910,Taurus,Leo
911,Pisces,Capricorn
912,Libra,Scorpio
913,Sagittarius,Sagittarius
914,Leo,Taurus
916,Capricorn,Gemini
918,Libra,Sagittarius
919,Taurus,Scorpio
920,Virgo,Aquarius
921,Aquarius,Cancer
922,Capricorn,Taurus
923,Aquarius,Aries
924,Leo,Virgo
926,Gemini,Pisces
927,Libra,Scorpio
928,Scorpio,Virgo
929,Virgo,Pisces
930,Taurus,Gemini
931,Gemini,Libra
932,Cancer,Aquarius
934,Scorpio,Taurus
935,Cancer,Gemini
936,Pisces,Pisces
937,Aries,Aquarius
938,Taurus,Capricorn
939,Pisces,Libra
940,Scorpio,Scorpio
941,Cancer,Pisces
942,Gemini,Scorpio
943,Sagittarius,Aquarius
944,Scorpio,Capricorn
945,Scorpio,Capricorn
946,Cancer,Cancer
947,Leo,Cancer
948,Aquarius,Aquarius
949,Scorpio,Libra
950,Sagittarius,Virgo
951,Aquarius,Cancer
952,Aquarius,Pisces
953,Capricorn,Gemini
954,Leo,Leo
955,Sagittarius,Leo
956,Pisces,Aries
959,Cancer,Libra
960,Aries,Sagittarius
961,Virgo,Capricorn
962,Sagittarius,Cancer
964,Virgo,Gemini
965,Leo,Taurus
967,Pisces,Leo
968,Gemini,Virgo
969,Scorpio,Libra
970,Libra,Libra
971,Leo,Gemini
972,Cancer,Capricorn
975,Pisces,Virgo
976,Virgo,Scorpio
978,Libra,Cancer
981,Aries,Virgo
982,Gemini,Aquarius
983,Taurus,Virgo
984,Taurus,Gemini
985,Libra,Taurus
986,Pisces,Cancer
987,Virgo,Libra
988,Scorpio,Taurus
989,Aries,Leo
990,Aquarius,Gemini
991,Aquarius,Libra
992,Leo,Libra
994,Virgo,Gemini
995,Virgo,Pisces
996,Libra,Taurus
997,Pisces,Aquarius
998,Virgo,Pisces
999,Gemini,Leo
1000,Aries,Capricorn
1001,Taurus,Gemini
1002,Pisces,Aries
1003,Sagittarius,Aquarius
1005,Aquarius,Cancer
1006,Scorpio,Taurus
1007,Aries,Capricorn
1010,Libra,Libra
1011,Gemini,Virgo
1012,Gemini,Libra
1013,Scorpio,Pisces
1014,Scorpio,Cancer
1015,Aries,Cancer
1016,Pisces,Sagittarius
1017,Taurus,Virgo
1018,Virgo,Capricorn
1019,Capricorn,Capricorn
1020,Leo,Virgo
1021,Scorpio,Aries
1022,Capricorn,Capricorn
1023,Leo,Cancer
1024,Taurus,Aquarius
1025,Gemini,Leo
1026,Taurus,Gemini
1027,Aquarius,Gemini
1029,Aries,Libra
1031,Aquarius,Cancer
1033,Cancer,Taurus
1034,Leo,Scorpio
1035,Pisces,Aries
1036,Aries,Aquarius
1037,Leo,Pisces
1038,Pisces,Aries
1039,Pisces,Sagittarius
1040,Scorpio,Taurus
1041,Cancer,Cancer
1042,Cancer,Libra
1043,Virgo,Scorpio
1044,Aries,Pisces
1045,Pisces,Taurus
1046,Libra,Aquarius
1047,Sagittarius,Leo
1048,Cancer,Sagittarius
1049,Libra,Pisces
1050,Cancer,Leo
1051,Taurus,Leo
1052,Gemini,Aries
1053,Gemini,Aries
1054,Virgo,Pisces
1055,Virgo,Taurus
1056,Sagittarius,Aries
1057,Sagittarius,Pisces
1058,Capricorn,Pisces
1059,Aries,Taurus
1060,Capricorn,Capricorn
1061,Cancer,Sagittarius
1062,Scorpio,Leo
1065,Sagittarius,Taurus
1066,Aquarius,Virgo
1067,Leo,Virgo
1068,Gemini,Sagittarius
1069,Scorpio,Scorpio
1070,Leo,Scorpio
1071,Sagittarius,Scorpio
1074,Aries,Sagittarius
1075,Aries,Libra
1076,Pisces,Sagittarius
1077,Taurus,Aquarius
1078,Pisces,Aries
1080,Leo,Gemini
1081,Virgo,Leo
1082,Cancer,Leo
1083,Virgo,Leo
1084,Aries,Gemini
1085,Libra,Cancer
1086,Scorpio,Aquarius
1087,Pisces,Pisces
1088,Cancer,Gemini
1089,Sagittarius,Taurus
1090,Capricorn,Gemini
1092,Aquarius,Gemini
1093,Virgo,Libra
1094,Capricorn,Aries
1095,Scorpio,Gemini
1096,Aries,Pisces
1097,Sagittarius,Aries
1098,Scorpio,Scorpio
1099,Taurus,Pisces
1100,Leo,Virgo
1101,Libra,Sagittarius
1102,Leo,Pisces
1103,Cancer,Pisces
1104,Sagittarius,Leo
1105,Gemini,Aquarius
1106,Cancer,Scorpio
1107,Gemini,Leo
1108,Libra,Libra
1110,Pisces,Virgo
1111,Cancer,Taurus
1112,Aquarius,Capricorn
1113,Sagittarius,Taurus
1114,Leo,Libra
1115,Libra,Scorpio
1116,Pisces,Scorpio
1117,Pisces,Sagittarius
1118,Sagittarius,Gemini
1119,Capricorn,Taurus
1120,Taurus,Virgo
1121,Gemini,Aries
1122,Capricorn,Cancer
1123,Leo,Aries
1124,Aries,Aries
1125,Sagittarius,Aries
1126,Gemini,Scorpio
1127,Sagittarius,Virgo
1128,Pisces,Leo
1129,Leo,Leo
1130,Libra,Virgo
1131,Virgo,Cancer
1132,Libra,Aquarius
1133,Cancer,Aries
1134,Capricorn,Scorpio
1135,Aquarius,Aquarius
1136,Taurus,Gemini
1137,Cancer,Pisces
1138,Leo,Libra
1139,Taurus,Libra
1140,Sagittarius,Gemini
1141,Capricorn,Libra
1142,Sagittarius,Cancer
1143,Gemini,Pisces
1144,Virgo,Pisces
1145,Aquarius,Taurus
1146,Scorpio,Cancer
1147,Scorpio,Aquarius
1148,Scorpio,Taurus
1149,Leo,Scorpio
1150,Sagittarius,Sagittarius
1151,Libra,Virgo
1152,Virgo,Virgo
1153,Capricorn,Cancer
1154,Taurus,Sagittarius
1155,Sagittarius,Leo
1156,Scorpio,Sagittarius
1158,Libra,Virgo
1159,Cancer,Libra
1160,Aries,Scorpio
1161,Aquarius,Pisces
1162,Pisces,Sagittarius
1163,Taurus,Virgo
1164,Virgo,Cancer
1165,Aries,Libra
1166,Sagittarius,Aquarius
1167,Sagittarius,Pisces
1168,Scorpio,Virgo
1169,Libra,Gemini
1170,Capricorn,Leo
1171,Leo,Gemini
1172,Taurus,Capricorn
1173,Aries,Gemini
1174,Virgo,Capricorn
1179,Cancer,Taurus
1180,Libra,Virgo
1181,Aries,Sagittarius
1182,Gemini,Scorpio
1183,Scorpio,Pisces
1184,Sagittarius,Leo
1185,Aquarius,Gemini
1186,Pisces,Sagittarius
1188,Capricorn,Taurus
1190,Virgo,Capricorn
1191,Virgo,Cancer
1192,Taurus,Pisces
1193,Libra,Cancer
1194,Virgo,Virgo
1196,Aquarius,Scorpio
1197,Pisces,Pisces
1198,Aries,Libra
1199,Pisces,Scorpio
1200,Leo,Taurus
1201,Virgo,Leo
1202,Taurus,Virgo
1203,Libra,Taurus
1204,Gemini,Capricorn
1205,Taurus,Aquarius
1206,Sagittarius,Cancer
1208,Cancer,Cancer
1210,Pisces,Libra
1211,Gemini,Virgo
1212,Capricorn,Cancer
1213,Cancer,Taurus
1214,Cancer,Virgo
1215,Cancer,Pisces
1216,Virgo,Aquarius
1218,Aries,Virgo
1219,Pisces,Taurus
1220,Gemini,Virgo
1221,Gemini,Leo
1222,Virgo,Pisces
1223,Taurus,Cancer
1224,Sagittarius,Gemini
1225,Gemini,Libra
1226,Scorpio,Leo
1227,Aquarius,Libra
1228,Scorpio,Aquarius
1229,Aries,Taurus
1230,Gemini,Pisces
1231,Capricorn,Sagittarius
1232,Gemini,Aquarius
1234,Aquarius,Sagittarius
1235,Taurus,Libra
1237,Cancer,Pisces
1238,Scorpio,Libra
1239,Cancer,Libra
1240,Virgo,Taurus
1241,Aquarius,Capricorn
1242,Aquarius,Capricorn
1243,Taurus,Capricorn
1244,Cancer,Capricorn
1245,Scorpio,Virgo
1246,Scorpio,Gemini
1247,Leo,Sagittarius
1248,Taurus,Scorpio
1249,Taurus,Sagittarius
1250,Capricorn,Sagittarius
1251,Sagittarius,Leo
1252,Aquarius,Sagittarius
1254,Cancer,Virgo
1256,Taurus,Aquarius
1257,Aquarius,Aries
1258,Virgo,Cancer
1259,Taurus,Gemini
1260,Taurus,Aries
1261,Cancer,Virgo
1262,Capricorn,Aries
1263,Libra,Cancer
1264,Scorpio,Sagittarius
1266,Libra,Aquarius
1267,Libra,Cancer
1268,Taurus,Capricorn
1270,Capricorn,Aries
1271,Taurus,Pisces
1272,Libra,Pisces
1274,Taurus,Virgo
1275,Scorpio,Aquarius
1277,Scorpio,Sagittarius
1278,Pisces,Pisces
1279,Virgo,Virgo
1280,Sagittarius,Gemini
1281,Aries,Aquarius
1282,Libra,Leo
1283,Virgo,Aquarius
1284,Virgo,Gemini
1285,Sagittarius,Taurus
1286,Gemini,Scorpio
1287,Sagittarius,Aquarius
1288,Pisces,Pisces
1289,Aries,Taurus
1290,Aries,Gemini
1291,Pisces,Capricorn
1292,Virgo,Sagittarius
1293,Capricorn,Leo
1294,Capricorn,Cancer
1295,Sagittarius,Taurus
1296,Pisces,Gemini
1299,Scorpio,Aries
1301,Libra,Libra
1302,Virgo,Libra
1303,Aries,Taurus
1304,Taurus,Cancer
1305,Cancer,Sagittarius
1306,Scorpio,Virgo
1307,Capricorn,Sagittarius
1308,Pisces,Cancer
1311,Taurus,Leo
1312,Pisces,Libra
1313,Virgo,Capricorn
1314,Libra,Cancer
1315,Aries,Gemini
1316,Aries,Gemini
1317,Aquarius,Leo
1318,Capricorn,Virgo
1320,Gemini,Gemini
1322,Leo,Taurus
1323,Capricorn,Leo
1324,Pisces,Capricorn
1325,Cancer,Capricorn
1326,Taurus,Pisces
1327,Leo,Pisces
1328,Taurus,Aquarius
1329,Libra,Scorpio
1330,Libra,Cancer
1332,Sagittarius,Sagittarius
1333,Pisces,Scorpio
1335,Leo,Sagittarius
1336,Gemini,Scorpio
1337,Aquarius,Aquarius
1338,Aquarius,Gemini
1339,Cancer,Libra
1340,Sagittarius,Sagittarius
1341,Aries,Aquarius
1342,Pisces,Capricorn
1343,Pisces,Virgo
1344,Taurus,Aries
1347,Virgo,Aquarius
1348,Pisces,Capricorn
1349,Sagittarius,Aries
1350,Cancer,Libra
1351,Libra,Gemini
1352,Taurus,Virgo
1353,Libra,Capricorn
1354,Libra,Cancer
1355,Gemini,Virgo
1357,Pisces,Gemini
1358,Cancer,Leo
1359,Gemini,Leo
1360,Taurus,Capricorn
1361,Sagittarius,Pisces
1362,Cancer,Aquarius
1363,Virgo,Aries
1364,Aquarius,Aquarius
1365,Aquarius,Aquarius
1366,Scorpio,Aries
1367,Libra,Gemini
1368,Scorpio,Gemini
1369,Leo,Pisces
1370,Aries,Sagittarius
1371,Pisces,Libra
1372,Leo,Leo
1373,Capricorn,Gemini
1374,Virgo,Sagittarius
1375,Libra,Libra
1376,Scorpio,Scorpio
1377,Taurus,Capricorn
1378,Aquarius,Taurus
1379,Libra,Virgo
1380,Libra,Capricorn
1381,Capricorn,Pisces
1383,Scorpio,Scorpio
1385,Virgo,Aries
1386,Sagittarius,Libra
1387,Scorpio,Libra
1388,Leo,Capricorn
1389,Scorpio,Libra
1390,Sagittarius,Capricorn
1391,Capricorn,Capricorn
1392,Scorpio,Gemini
1393,Aries,Leo
1394,Capricorn,Aquarius
1395,Aries,Gemini
1396,Cancer,Sagittarius
1397,Leo,Libra
1398,Virgo,Aries
1399,Gemini,Leo
1400,Cancer,Virgo
1401,Capricorn,Aquarius
1402,Leo,Scorpio
1403,Gemini,Aquarius
1404,Aquarius,Leo
1405,Virgo,Pisces
1406,Virgo,Aries
1407,Pisces,Cancer
1408,Scorpio,Aquarius
1409,Aquarius,Scorpio
1410,Gemini,Taurus
1411,Pisces,Capricorn
1412,Leo,Aquarius
1413,Aries,Virgo
1414,Scorpio,Capricorn
1415,Gemini,Aquarius
1416,Taurus,Sagittarius
1417,Libra,Taurus
1418,Aries,Leo
1420,Gemini,Taurus
1422,Pisces,Aries
1423,Scorpio,Libra
1424,Pisces,Aries
1425,Scorpio,Libra
1426,Taurus,Pisces
1427,Aquarius,Libra
1428,Capricorn,Aquarius
1429,Cancer,Aquarius
1430,Virgo,Libra
1431,Taurus,Pisces
1432,Capricorn,Sagittarius
1433,Aries,Capricorn
1434,Aries,Aries
1435,Libra,Aries
1436,Cancer,Sagittarius
1438,Capricorn,Aries
1439,Leo,Taurus
1440,Cancer,Aquarius
1441,Aquarius,Taurus
1442,Capricorn,Scorpio
1443,Aquarius,Taurus
1444,Gemini,Aquarius
1445,Sagittarius,Leo
1446,Aries,Sagittarius
1447,Pisces,Sagittarius
1448,Aquarius,Taurus
1449,Capricorn,Aquarius
1450,Leo,Taurus
1451,Virgo,Aquarius
1452,Cancer,Cancer
1453,Sagittarius,Aries
1454,Virgo,Cancer
1455,Cancer,Gemini
1456,Cancer,Leo
1457,Aquarius,Scorpio
1458,Cancer,Sagittarius
1459,Virgo,Pisces
1460,Cancer,Sagittarius
1461,Aquarius,Scorpio
1462,Taurus,Scorpio
1463,Aries,Libra
1464,Virgo,Libra
1465,Aries,Leo
1468,Taurus,Aries
1469,Taurus,Pisces
1470,Cancer,Sagittarius
1471,Pisces,Taurus
1472,Aries,Aquarius
1473,Leo,Libra
1474,Leo,Cancer
1475,Libra,Pisces
1476,Libra,Aquarius
1477,Libra,Aries
1478,Taurus,Libra
1479,Gemini,Leo
1480,Leo,Aquarius
1481,Aquarius,Cancer
1483,Libra,Virgo
1484,Cancer,Virgo
1486,Gemini,Libra
1487,Virgo,Sagittarius
1488,Gemini,Aries
1489,Libra,Aquarius
1491,Capricorn,Scorpio
1492,Cancer,Scorpio
1493,Libra,Cancer
1494,Taurus,Sagittarius
1495,Virgo,Scorpio
1496,Virgo,Virgo
1497,Scorpio,Leo
1498,Capricorn,Gemini
1499,Capricorn,Aquarius
1500,Gemini,Capricorn
1503,Aries,Libra
1504,Leo,Cancer
1505,Leo,Virgo
1506,Scorpio,Taurus
1507,Aquarius,Scorpio
1508,Sagittarius,Gemini
1509,Aquarius,Taurus
1510,Pisces,Aries
1512,Capricorn,Libra
1513,Taurus,Cancer
1514,Virgo,Capricorn
1516,Sagittarius,Virgo
1517,Libra,Sagittarius
1518,Taurus,Sagittarius
1519,Pisces,Aries
1520,Capricorn,Capricorn
1521,Sagittarius,Aries
1522,Cancer,Pisces
1523,Pisces,Leo
1524,Cancer,Scorpio
1525,Gemini,Gemini
1526,Taurus,Libra
1527,Capricorn,Taurus
1528,Aries,Gemini
1529,Pisces,Sagittarius
1530,Capricorn,Gemini
1531,Gemini,Virgo
1532,Cancer,Libra
1533,Cancer,Virgo
1534,Virgo,Libra
1535,Capricorn,Aquarius
1536,Taurus,Virgo
1538,Leo,Taurus
1539,Taurus,Libra
1541,Virgo,Aquarius
1542,Scorpio,Aries
1543,Cancer,Cancer
1544,Scorpio,Aries
1545,Taurus,Virgo
1546,Libra,Sagittarius
1547,Gemini,Cancer
1548,Virgo,Taurus
1549,Leo,Taurus
1550,Scorpio,Libra
1551,Leo,Virgo
1552,Taurus,Cancer
1553,Leo,Sagittarius
1554,Libra,Virgo
1555,Capricorn,Taurus
1556,Leo,Sagittarius
1557,Cancer,Cancer
1558,Sagittarius,Libra
1559,Sagittarius,Aquarius
1560,Cancer,Virgo
1561,Sagittarius,Sagittarius
1562,Aries,Cancer
1563,Capricorn,Virgo
1564,Aquarius,Virgo
1565,Cancer,Capricorn
1566,Virgo,Taurus
1567,Gemini,Aquarius
1568,Capricorn,Aries
1569,Cancer,Cancer
1570,Taurus,Scorpio
1571,Pisces,Aquarius
1572,Scorpio,Sagittarius
1573,Virgo,Taurus
1574,Scorpio,Scorpio
1575,Cancer,Virgo
1576,Cancer,Aries
1578,Pisces,Taurus
1579,Libra,Cancer
1580,Aries,Libra
1581,Leo,Scorpio
1582,Virgo,Aries
1583,Scorpio,Pisces
1584,Taurus,Gemini
1586,Taurus,Libra
1587,Aries,Sagittarius
1588,Cancer,Aries
1589,Sagittarius,Libra
1591,Aries,Aries
1592,Aries,Gemini
1594,Scorpio,Aquarius
1595,Sagittarius,Leo
1597,Cancer,Aquarius
1598,Gemini,Taurus
1599,Virgo,Pisces
1600,Libra,Aquarius
1601,Sagittarius,Capricorn
1602,Capricorn,Capricorn
1603,Taurus,Sagittarius
1604,Capricorn,Pisces
1605,Aries,Leo
1606,Cancer,Capricorn
1607,Scorpio,Leo
1608,Leo,Aries
1609,Virgo,Libra
1610,Capricorn,Capricorn
1611,Virgo,Taurus
1612,Taurus,Pisces
1613,Gemini,Aries
1614,Scorpio,Virgo
1616,Virgo,Taurus
1617,Pisces,Aquarius
1618,Libra,Aries
1619,Cancer,Leo
1620,Aries,Scorpio
1621,Pisces,Capricorn
1622,Cancer,Capricorn
1623,Cancer,Aries
1624,Cancer,Virgo
1625,Libra,Libra
1626,Capricorn,Taurus
1627,Libra,Cancer
1628,Cancer,Virgo
1629,Virgo,Cancer
1631,Pisces,Sagittarius
1632,Gemini,Sagittarius
1633,Virgo,Aquarius
1634,Gemini,Capricorn
1635,Aries,Cancer
1636,Virgo,Virgo
1637,Leo,Sagittarius
1638,Cancer,Leo
1639,Taurus,Aries
1640,Aquarius,Aquarius
1641,Leo,Libra
1642,Pisces,Virgo
1643,Leo,Libra
1644,Cancer,Pisces
1645,Sagittarius,Cancer
1646,Libra,Gemini
1647,Cancer,Libra
1648,Sagittarius,Capricorn
1649,Gemini,Capricorn
1650,Virgo,Virgo
1651,Libra,Leo
1652,Taurus,Aries
1653,Cancer,Aries
1654,Pisces,Sagittarius
1655,Capricorn,Gemini
1656,Pisces,Scorpio
1657,Cancer,Scorpio
1658,Taurus,Scorpio
1659,Sagittarius,Scorpio
1661,Taurus,Libra
1662,Scorpio,Scorpio
1663,Capricorn,Gemini
1664,Sagittarius,Capricorn
1665,Pisces,Leo
1666,Gemini,Taurus
1667,Aries,Taurus
1668,Scorpio,Capricorn
1669,Cancer,Sagittarius
1670,Cancer,Aries
1671,Scorpio,Scorpio
1672,Virgo,Aries
1673,Pisces,Capricorn
1675,Libra,Capricorn
1677,Libra,Pisces
1678,Aquarius,Aquarius
1679,Pisces,Scorpio
1680,Gemini,Capricorn
1681,Capricorn,Libra
1683,Gemini,Aries
1684,Pisces,Aries
1685,Gemini,Taurus
1686,Taurus,Leo
1687,Libra,Aquarius
1688,Taurus,Aquarius
1689,Gemini,Libra
1690,Pisces,Aries
1692,Sagittarius,Cancer
1693,Scorpio,Pisces
1694,Aquarius,Leo
1695,Libra,Pisces
1696,Taurus,Taurus
1697,Virgo,Gemini
1699,Libra,Aquarius
1700,Aries,Virgo
1701,Aries,Aquarius
1703,Sagittarius,Pisces
1704,Scorpio,Gemini
1705,Gemini,Libra
1706,Virgo,Pisces
1709,Capricorn,Scorpio
1710,Gemini,Gemini
1711,Taurus,Cancer
1712,Sagittarius,Cancer
1713,Pisces,Libra
1714,Sagittarius,Virgo
1715,Pisces,Capricorn
1716,Virgo,Sagittarius
1717,Libra,Pisces
1718,Aries,Libra
1719,Libra,Cancer
1720,Libra,Pisces
1721,Sagittarius,Pisces
1722,Pisces,Capricorn
1723,Aries,Aquarius
1724,Scorpio,Taurus
1725,Aries,Libra
1726,Pisces,Pisces
1727,Scorpio,Taurus
1728,Pisces,Leo
1729,Libra,Scorpio
1730,Gemini,Cancer
1731,Leo,Capricorn
1732,Cancer,Libra
1733,Libra,Virgo
1734,Aries,Sagittarius
1735,Scorpio,Scorpio
1736,Pisces,Pisces
1738,Sagittarius,Cancer
1739,Aries,Pisces
1740,Scorpio,Sagittarius
1741,Sagittarius,Libra
1742,Aquarius,Aries
1743,Sagittarius,Sagittarius
1744,Pisces,Scorpio
1745,Aquarius,Taurus
1746,Leo,Aquarius
1747,Scorpio,Aquarius
1748,Virgo,Sagittarius
1750,Taurus,Aquarius
1751,Gemini,Libra
1752,Taurus,Aries
1754,Libra,Virgo
1755,Gemini,Virgo
1756,Pisces,Aries
1757,Scorpio,Sagittarius
1759,Virgo,Leo
1760,Libra,Taurus
1761,Capricorn,Sagittarius
1762,Taurus,Scorpio
1763,Pisces,Libra
1764,Aquarius,Scorpio
1765,Aquarius,Virgo
1766,Aries,Pisces
1767,Sagittarius,Leo
1768,Libra,Aquarius
1769,Virgo,Pisces
1770,Virgo,Leo
1771,Pisces,Aquarius
1772,Taurus,Capricorn
1773,Libra,Gemini
1775,Libra,Libra
1777,Sagittarius,Scorpio
1778,Leo,Sagittarius
1779,Pisces,Cancer
1780,Scorpio,Aries
1781,Capricorn,Aries
1782,Scorpio,Capricorn
1783,Aries,Scorpio
1784,Scorpio,Aquarius
1785,Libra,Taurus
1786,Aries,Leo
1787,Sagittarius,Aquarius
1789,Aries,Gemini
1790,Taurus,Aries
1791,Capricorn,Aquarius
1792,Virgo,Aquarius
1793,Libra,Aquarius
1794,Sagittarius,Cancer
1795,Cancer,Libra
1797,Scorpio,Virgo
1799,Sagittarius,Aquarius
1800,Aries,Taurus
1802,Aries,Sagittarius
1804,Libra,Capricorn
1805,Virgo,Pisces
1806,Leo,Capricorn
1807,Leo,Cancer
1808,Virgo,Scorpio
1809,Pisces,Pisces
1810,Sagittarius,Libra
1811,Taurus,Scorpio
1812,Capricorn,Pisces
1813,Libra,Gemini
1814,Capricorn,Taurus
1817,Pisces,Aquarius
1818,Leo,Virgo
1820,Pisces,Virgo
1821,Leo,Sagittarius
1822,Leo,Leo
1823,Taurus,Cancer
1824,Scorpio,Cancer
1825,Taurus,Scorpio
1826,Sagittarius,Taurus
1830,Capricorn,Sagittarius
1831,Virgo,Cancer
1832,Aquarius,Scorpio
1833,Taurus,Gemini
1834,Leo,Scorpio
1836,Capricorn,Leo
1837,Cancer,Aries
1838,Aquarius,Sagittarius
1839,Gemini,Pisces
1840,Aries,Cancer
1842,Capricorn,Sagittarius
1843,Leo,Taurus
1844,Cancer,Aries
1845,Pisces,Virgo
1846,Libra,Virgo
1847,Aquarius,Libra
1848,Sagittarius,Virgo
1849,Taurus,Cancer
1851,Gemini,Libra
1852,Scorpio,Aries
1853,Scorpio,Pisces
1854,Aquarius,Capricorn
1855,Sagittarius,Sagittarius
1856,Scorpio,Aries
1857,Taurus,Aries
1858,Taurus,Capricorn
1859,Sagittarius,Leo
1860,Cancer,Virgo
1861,Taurus,Aries
1862,Pisces,Aries
1863,Pisces,Aquarius
1864,Pisces,Libra
1865,Aries,Leo
1866,Leo,Scorpio
1867,Gemini,Taurus
1868,Libra,Virgo
1869,Pisces,Aries
1870,Cancer,Aquarius
1871,Virgo,Taurus
1872,Aquarius,Leo
1873,Taurus,Sagittarius
1874,Virgo,Scorpio
1875,Aries,Virgo
1876,Leo,Aries
1877,Virgo,Pisces
1879,Scorpio,Leo
1880,Taurus,Taurus
1881,Cancer,Virgo
1882,Gemini,Virgo
1884,Virgo,Pisces
1885,Taurus,Aquarius
1886,Aries,Capricorn
1887,Capricorn,Pisces
1888,Sagittarius,Aquarius
1889,Cancer,Pisces
1890,Cancer,Sagittarius
1891,Virgo,Libra
1892,Virgo,Cancer
1893,Gemini,Taurus
1894,Pisces,Aquarius
1895,Pisces,Pisces
1896,Leo,Taurus
1897,Cancer,Libra
1898,Capricorn,Capricorn
1899,Scorpio,Sagittarius
1900,Virgo,Cancer
1901,Libra,Sagittarius
1902,Scorpio,Pisces
1903,Taurus,Scorpio
1904,Scorpio,Libra
1906,Libra,Aries
1907,Cancer,Capricorn
1908,Aquarius,Taurus
1909,Gemini,Libra
1910,Libra,Pisces
1911,Pisces,Libra
1912,Capricorn,Capricorn
1913,Aquarius,Taurus
1914,Sagittarius,Capricorn
1915,Cancer,Aries
1916,Cancer,Aquarius
1917,Gemini,Leo
1918,Aquarius,Aries
1919,Aquarius,Aries
1920,Libra,Sagittarius
1921,Sagittarius,Aries
1922,Cancer,Gemini
1923,Pisces,Libra
1924,Gemini,Sagittarius
1925,Gemini,Libra
1926,Aquarius,Gemini
1927,Virgo,Aries
1928,Capricorn,Pisces
1929,Libra,Scorpio
1930,Aries,Pisces
1931,Sagittarius,Aries
1932,Capricorn,Aries
1933,Capricorn,Virgo
1934,Aries,Aquarius
1935,Scorpio,Capricorn
1936,Gemini,Virgo
1937,Capricorn,Aries
1939,Sagittarius,Gemini
1940,Taurus,Libra
1941,Aries,Taurus
1942,Virgo,Pisces
1943,Capricorn,Virgo
1944,Pisces,Taurus
1945,Sagittarius,Libra
1946,Aquarius,Virgo
1947,Capricorn,Sagittarius
1949,Leo,Gemini
1950,Capricorn,Aquarius
1951,Taurus,Libra
1953,Cancer,Scorpio
1954,Virgo,Aries
1955,Scorpio,Aries
1956,Libra,Aries
1957,Gemini,Libra
1958,Virgo,Taurus
1959,Gemini,Leo
1960,Cancer,Libra
1961,Sagittarius,Capricorn
1962,Taurus,Virgo
1963,Taurus,Aquarius
1964,Leo,Taurus
1966,Virgo,Scorpio
1970,Gemini,Libra
1971,Virgo,Libra
1972,Gemini,Virgo
1973,Pisces,Taurus
1974,Capricorn,Capricorn
1975,Cancer,Scorpio
1976,Taurus,Aries
1977,Leo,Aquarius
1978,Gemini,Pisces
1983,Capricorn,Leo
1984,Leo,Pisces
1985,Scorpio,Virgo
1986,Taurus,Sagittarius
1987,Virgo,Virgo
1988,Taurus,Gemini
1989,Aquarius,Gemini
1990,Taurus,Gemini
1991,Taurus,Taurus
1992,Cancer,Virgo
1993,Capricorn,Virgo
1994,Gemini,Sagittarius
1995,Capricorn,Virgo
1996,Taurus,Taurus
1997,Taurus,Pisces
1998,Virgo,Gemini
1999,Taurus,Sagittarius
2000,Scorpio,Aquarius
2001,Sagittarius,Libra
2002,Scorpio,Libra
2003,Aquarius,Sagittarius
2004,Leo,Sagittarius
2005,Taurus,Leo
2006,Virgo,Pisces
2008,Leo,Aries
2009,Scorpio,Libra
2010,Cancer,Sagittarius
2011,Libra,Virgo
2012,Aries,Capricorn
2014,Virgo,Pisces
2015,Aries,Capricorn
2016,Libra,Libra
2017,Aries,Scorpio
2018,Capricorn,Scorpio
2019,Gemini,Libra
2020,Virgo,Cancer
2021,Aries,Libra
2022,Pisces,Pisces
2023,Gemini,Aries
2025,Cancer,Aries
2026,Taurus,Gemini
2027,Taurus,Cancer
2028,Taurus,Aquarius
2029,Libra,Pisces
2030,Cancer,Gemini
2031,Gemini,Scorpio
2032,Pisces,Scorpio
2033,Capricorn,Gemini
2034,Virgo,Taurus
2035,Sagittarius,Sagittarius
2036,Sagittarius,Gemini
2037,Pisces,Aquarius
2038,Aries,Aries
2039,Sagittarius,Sagittarius
2040,Capricorn,Taurus
2041,Taurus,Sagittarius
2042,Leo,Gemini
2043,Gemini,Scorpio
2044,Cancer,Aries
2045,Capricorn,Virgo
2046,Leo,Aries
2048,Sagittarius,Sagittarius
2049,Leo,Scorpio
2051,Aquarius,Sagittarius
2052,Libra,Gemini
2053,Cancer,Capricorn
2054,Cancer,Taurus
2055,Virgo,Virgo
2056,Aquarius,Aries
2057,Taurus,Sagittarius
2058,Sagittarius,Scorpio
2059,Sagittarius,Virgo
2060,Capricorn,Gemini
2061,Cancer,Cancer
2062,Gemini,Libra
2063,Sagittarius,Sagittarius
2065,Sagittarius,Capricorn
2067,Capricorn,Taurus
2068,Cancer,Gemini
2070,Taurus,Virgo
2073,Leo,Pisces
2074,Libra,Pisces
2075,Virgo,Libra
2076,Libra,Aquarius
2077,Sagittarius,Virgo
2078,Taurus,Gemini
2079,Leo,Aries
2080,Capricorn,Cancer
2081,Sagittarius,Sagittarius
2082,Leo,Taurus
2083,Libra,Pisces
2084,Scorpio,Taurus
2085,Capricorn,Capricorn
2086,Aries,Aquarius
2087,Capricorn,Capricorn
2088,Capricorn,Leo
2089,Scorpio,Pisces
2090,Sagittarius,Aquarius
2092,Leo,Leo
2093,Virgo,Sagittarius
2094,Cancer,Gemini
2095,Gemini,Cancer
2096,Taurus,Cancer
2097,Virgo,Gemini
2098,Virgo,Scorpio
2099,Aquarius,Sagittarius
2100,Aries,Leo
2101,Gemini,Virgo
2102,Aries,Sagittarius
2103,Leo,Aries
2105,Aquarius,Libra
2108,Pisces,Sagittarius
2110,Capricorn,Gemini
2111,Pisces,Aquarius
2112,Cancer,Pisces
2113,Cancer,Virgo
2114,Cancer,Cancer
2116,Capricorn,Gemini
2117,Libra,Scorpio
2118,Cancer,Libra
2119,Leo,Aquarius
2120,Cancer,Leo
2121,Virgo,Leo
2122,Gemini,Leo
2123,Sagittarius,Virgo
2124,Pisces,Gemini
2125,Capricorn,Leo
2126,Pisces,Gemini
2127,Virgo,Taurus
2128,Libra,Virgo
2129,Gemini,Leo
2130,Aries,Libra
2131,Capricorn,Aries
2132,Aquarius,Pisces
2134,Pisces,Leo
2135,Cancer,Sagittarius
2136,Aries,Libra
2137,Leo,Gemini
2138,Virgo,Gemini
2139,Cancer,Capricorn
2140,Leo,Gemini
2141,Libra,Pisces
2142,Gemini,Gemini
2143,Taurus,Libra
2144,Sagittarius,Capricorn
2146,Taurus,Scorpio
2148,Leo,Scorpio
2149,Sagittarius,Libra
2150,Scorpio,Libra
2151,Capricorn,Leo
2152,Scorpio,Gemini
2153,Aquarius,Scorpio
2155,Taurus,Aries
2156,Cancer,Aquarius
2157,Aquarius,Aquarius
2158,Capricorn,Capricorn
2159,Sagittarius,Sagittarius
2160,Sagittarius,Gemini
2161,Pisces,Leo
2162,Capricorn,Cancer
2163,Capricorn,Gemini
2165,Sagittarius,Libra
2166,Capricorn,Capricorn
2167,Pisces,Pisces
2172,Libra,Libra
2173,Gemini,Virgo
2174,Cancer,Taurus
2175,Gemini,Pisces
2176,Cancer,Virgo
2177,Scorpio,Pisces
2178,Gemini,Taurus
2179,Pisces,Sagittarius
2180,Sagittarius,Pisces
2181,Virgo,Cancer
2182,Sagittarius,Aquarius
2183,Aquarius,Cancer
2186,Virgo,Libra
2187,Sagittarius,Aries
2188,Aquarius,Pisces
2189,Sagittarius,Sagittarius
2190,Sagittarius,Cancer
2191,Taurus,Cancer
2192,Virgo,Gemini
2193,Aries,Leo
2194,Taurus,Libra
2195,Pisces,Virgo
2197,Taurus,Aquarius
2198,Capricorn,Aries
2199,Cancer,Virgo
2200,Virgo,Sagittarius
2201,Scorpio,Capricorn
2202,Aries,Virgo
2203,Taurus,Leo
2204,Gemini,Leo
2205,Cancer,Cancer
2206,Libra,Gemini
2207,Leo,Gemini
2208,Sagittarius,Aries
2209,Sagittarius,Libra
2211,Pisces,Scorpio
2212,Sagittarius,Aquarius
2213,Leo,Capricorn
2214,Libra,Leo
2215,Aries,Aquarius
2216,Scorpio,Gemini
2217,Sagittarius,Cancer
2218,Virgo,Cancer
2219,Capricorn,Gemini
2220,Aquarius,Capricorn
2221,Sagittarius,Virgo
2222,Aries,Capricorn
2223,Leo,Sagittarius
2224,Gemini,Gemini
2225,Scorpio,Sagittarius
2226,Taurus,Libra
2227,Sagittarius,Taurus
2228,Scorpio,Taurus
2230,Libra,Virgo
2231,Pisces,Taurus
2232,Capricorn,Sagittarius
2233,Libra,Gemini
2234,Capricorn,Aries
2235,Aquarius,Libra
2236,Scorpio,Sagittarius
2237,Scorpio,Libra
2238,Capricorn,Virgo
2239,Pisces,Leo
2240,Libra,Libra
2241,Gemini,Aquarius
2242,Scorpio,Capricorn
2243,Pisces,Leo
2244,Cancer,Aquarius
2245,Aries,Taurus
2246,Aries,Taurus
2247,Pisces,Cancer
2248,Libra,Libra
2249,Libra,Leo
2250,Libra,Scorpio
2251,Aries,Gemini
2252,Aquarius,Leo
2253,Gemini,Virgo
2254,Pisces,Aquarius
2255,Sagittarius,Taurus
2256,Leo,Cancer
2257,Taurus,Virgo
2258,Aquarius,Virgo
2259,Taurus,Scorpio
2260,Leo,Taurus
2261,Taurus,Scorpio
2262,Taurus,Virgo
2263,Cancer,Cancer
2264,Libra,Taurus
2265,Libra,Sagittarius
2266,Cancer,Pisces
2268,Gemini,Leo
2269,Gemini,Scorpio
2271,Pisces,Sagittarius
2272,Pisces,Aquarius
2273,Capricorn,Leo
2274,Gemini,Aquarius
2276,Aquarius,Libra
2277,Libra,Gemini
2278,Gemini,Scorpio
2279,Gemini,Libra
2280,Taurus,Leo
2281,Scorpio,Leo
2282,Aries,Aquarius
2283,Taurus,Gemini
2284,Aquarius,Aries
2285,Cancer,Virgo
2286,Aquarius,Scorpio
2287,Leo,Capricorn
2288,Cancer,Scorpio
2289,Pisces,Leo
2290,Taurus,Libra
2291,Capricorn,Scorpio
2293,Virgo,Scorpio
2294,Cancer,Aquarius
2295,Virgo,Gemini
2296,Libra,Libra
2298,Capricorn,Aquarius
2301,Cancer,Pisces
2302,Virgo,Pisces
2304,Cancer,Taurus
2305,Pisces,Gemini
2307,Pisces,Capricorn
2308,Cancer,Pisces
2309,Virgo,Aries
2310,Aries,Gemini
2311,Capricorn,Aries
2312,Sagittarius,Libra
2313,Scorpio,Taurus
2315,Gemini,Cancer
2318,Aries,Leo
2319,Virgo,Scorpio
2320,Aries,Cancer
2321,Libra,Taurus
2322,Aquarius,Gemini
2324,Aries,Scorpio
2325,Aquarius,Taurus
2326,Scorpio,Aquarius
2329,Pisces,Leo
2330,Leo,Taurus
2331,Pisces,Gemini
2332,Sagittarius,Libra
2333,Libra,Cancer
2334,Scorpio,Capricorn
2335,Leo,Cancer
2336,Libra,Virgo
2337,Taurus,Gemini
2339,Taurus,Gemini
2340,Aquarius,Leo
2341,Aquarius,Virgo
2342,Virgo,Sagittarius
2343,Virgo,Virgo
2344,Gemini,Gemini
2345,Aries,Aquarius
2346,Taurus,Capricorn
2347,Cancer,Cancer
2348,Pisces,Libra
2349,Capricorn,Aries
2350,Taurus,Leo
2351,Gemini,Libra
2352,Gemini,Scorpio
2353,Scorpio,Libra
2354,Libra,Sagittarius
2355,Sagittarius,Sagittarius
2356,Cancer,Scorpio
2357,Cancer,Leo
2358,Taurus,Libra
2359,Aries,Sagittarius
2360,Pisces,Libra
2361,Gemini,Aquarius
2362,Scorpio,Libra
2363,Gemini,Taurus
2364,Gemini,Virgo
2366,Capricorn,Sagittarius
2367,Gemini,Cancer
2368,Gemini,Aries
2369,Pisces,Libra
2370,Virgo,Leo
2371,Virgo,Virgo
2372,Cancer,Sagittarius
2373,Aquarius,Aquarius
2374,Aries,Libra
2375,Aquarius,Leo
2376,Cancer,Leo
2377,Taurus,Cancer
2378,Pisces,Virgo
2379,Cancer,Scorpio
2380,Scorpio,Leo
2381,Aquarius,Taurus
2384,Leo,Taurus
2385,Taurus,Aries
2386,Scorpio,Pisces
2387,Sagittarius,Libra
2388,Sagittarius,Capricorn
2389,Pisces,Capricorn
2390,Cancer,Cancer
2391,Capricorn,Cancer
2392,Capricorn,Scorpio
2394,Aquarius,Leo
2395,Virgo,Scorpio
2396,Sagittarius,Aquarius
2397,Aquarius,Pisces
2398,Aries,Pisces
2399,Aries,Aquarius
2400,Libra,Scorpio
2401,Scorpio,Virgo
2403,Cancer,Pisces
2404,Libra,Pisces
2405,Gemini,Libra
2406,Capricorn,Gemini
2407,Capricorn,Aquarius
2408,Libra,Sagittarius
2409,Cancer,Aquarius
2410,Taurus,Gemini
2411,Capricorn,Libra
2413,Cancer,Aquarius
2415,Aries,Pisces
2416,Pisces,Sagittarius
2417,Libra,Taurus
2419,Gemini,Aries
2420,Pisces,Scorpio
2421,Pisces,Capricorn
2422,Cancer,Scorpio
2423,Virgo,Aquarius
2424,Pisces,Gemini
2426,Cancer,Taurus
2427,Aries,Virgo
2428,Aries,Capricorn
2429,Scorpio,Aquarius
2430,Leo,Cancer
2432,Aries,Cancer
2433,Pisces,Scorpio
2434,Leo,Capricorn
2436,Sagittarius,Sagittarius
2437,Virgo,Capricorn
2438,Virgo,Gemini
2439,Leo,Leo
2440,Cancer,Scorpio
2441,Capricorn,Cancer
2442,Sagittarius,Aries
2443,Aries,Scorpio
2444,Leo,Leo
2445,Aries,Aquarius
2446,Leo,Pisces
2448,Taurus,Gemini
2449,Gemini,Gemini
2451,Scorpio,Aries
2452,Taurus,Virgo
2453,Aquarius,Virgo
2455,Taurus,Scorpio
2456,Aquarius,Leo
2457,Libra,Aquarius
2458,Taurus,Scorpio
2459,Leo,Gemini
2461,Capricorn,Gemini
2462,Pisces,Virgo
2463,Aries,Taurus
2464,Leo,Aries
2465,Libra,Gemini
2466,Libra,Pisces
2467,Virgo,Libra
2468,Leo,Scorpio
2469,Taurus,Capricorn
2470,Pisces,Cancer
2472,Libra,Aquarius
2473,Pisces,Virgo
2474,Cancer,Aquarius
2476,Cancer,Cancer
2477,Cancer,Taurus
2478,Virgo,Leo
2479,Pisces,Scorpio
2480,Taurus,Virgo
2481,Scorpio,Sagittarius
2482,Taurus,Libra
2483,Cancer,Libra
2484,Aries,Gemini
2485,Virgo,Leo
2487,Taurus,Libra
2488,Cancer,Aries
2490,Aries,Leo
2491,Leo,Gemini
2492,Aries,Taurus
2493,Libra,Gemini
2494,Leo,Pisces
2495,Libra,Leo
2496,Leo,Cancer
2497,Scorpio,Sagittarius
2498,Leo,Pisces
2499,Cancer,Aries
2500,Gemini,Leo
2501,Aquarius,Aquarius
2502,Cancer,Scorpio
2503,Libra,Sagittarius
2504,Aries,Gemini
2505,Scorpio,Leo
2506,Leo,Gemini
2508,Pisces,Taurus
2509,Cancer,Aquarius
2510,Gemini,Sagittarius
2511,Sagittarius,Scorpio
2512,Cancer,Scorpio
2513,Leo,Gemini
2514,Aries,Aries
2515,Libra,Leo
2516,Aquarius,Taurus
2517,Scorpio,Gemini
2519,Libra,Pisces
2520,Sagittarius,Cancer
2521,Scorpio,Libra
2522,Aries,Taurus
2523,Sagittarius,Aries
2524,Leo,Gemini
2525,Libra,Capricorn
2526,Gemini,Gemini
2527,Taurus,Pisces
2528,Capricorn,Virgo
2529,Capricorn,Capricorn
2530,Pisces,Scorpio
2531,Aquarius,Scorpio
2532,Sagittarius,Gemini
2533,Libra,Cancer
2534,Taurus,Aries
2536,Scorpio,Libra
2537,Taurus,Gemini
2538,Taurus,Cancer
2539,Capricorn,Gemini
2540,Pisces,Gemini
2541,Pisces,Aries
2542,Taurus,Aries
2543,Aquarius,Leo
2544,Sagittarius,Gemini
2545,Leo,Libra
2546,Aquarius,Gemini
2547,Capricorn,Aries
2548,Taurus,Taurus
2550,Virgo,Libra
2551,Virgo,Pisces
2552,Virgo,Gemini
2553,Pisces,Gemini
2555,Aquarius,Scorpio
2556,Gemini,Capricorn
2557,Leo,Libra
2558,Cancer,Aquarius
2559,Sagittarius,Gemini
2560,Leo,Gemini
2561,Aries,Gemini
2562,Libra,Sagittarius
2563,Leo,Cancer
2564,Sagittarius,Pisces
2565,Pisces,Libra
2566,Scorpio,Libra
2567,Capricorn,Gemini
2568,Pisces,Gemini
2569,Libra,Gemini
2570,Leo,Taurus
2571,Libra,Pisces
2572,Cancer,Taurus
2573,Pisces,Leo
2575,Virgo,Cancer
2576,Aries,Cancer
2577,Capricorn,Aries
2580,Pisces,Virgo
2581,Taurus,Sagittarius
2583,Capricorn,Sagittarius
2584,Capricorn,Aquarius
2585,Capricorn,Leo
2586,Leo,Aries
2587,Pisces,Aries
2589,Aquarius,Capricorn
2590,Pisces,Aries
2592,Sagittarius,Aries
2593,Virgo,Gemini
2594,Sagittarius,Cancer
2595,Gemini,Capricorn
2596,Capricorn,Cancer
2597,Virgo,Sagittarius
2598,Cancer,Scorpio
2599,Virgo,Taurus
2600,Taurus,Pisces
2601,Virgo,Scorpio
2602,Taurus,Gemini
2605,Taurus,Gemini
2606,Aquarius,Taurus
2607,Taurus,Libra
2609,Aquarius,Sagittarius
2610,Cancer,Leo
2611,Cancer,Pisces
2612,Sagittarius,Libra
2613,Scorpio,Sagittarius
2614,Virgo,Pisces
2615,Virgo,Leo
2616,Taurus,Leo
2617,Aquarius,Libra
2618,Gemini,Virgo
2619,Aries,Libra
2620,Scorpio,Cancer
2621,Gemini,Capricorn
2622,Cancer,Pisces
2623,Cancer,Virgo
2624,Virgo,Gemini
2625,Sagittarius,Leo
2626,Aquarius,Sagittarius
2627,Capricorn,Capricorn
2628,Scorpio,Aries
2629,Virgo,Aquarius
2630,Sagittarius,Scorpio
2632,Aries,Taurus
2633,Taurus,Pisces
2634,Cancer,Pisces
2635,Aquarius,Capricorn
2636,Scorpio,Virgo
2640,Gemini,Virgo
2642,Libra,Scorpio
2643,Virgo,Pisces
2644,Libra,Cancer
2645,Libra,Cancer
2646,Aquarius,Sagittarius
2647,Aries,Scorpio
2648,Aries,Sagittarius
2649,Pisces,Aquarius
2650,Leo,Libra
2651,Taurus,Scorpio
2652,Leo,Leo
2653,Scorpio,Scorpio
2655,Virgo,Gemini
2656,Cancer,Sagittarius
2657,Scorpio,Virgo
2658,Virgo,Pisces
2659,Sagittarius,Sagittarius
2660,Leo,Sagittarius
2661,Libra,Aries
2662,Cancer,Gemini
2663,Cancer,Pisces
2664,Capricorn,Libra
2665,Scorpio,Capricorn
2666,Libra,Taurus
2667,Leo,Aquarius
2668,Capricorn,Aquarius
2669,Scorpio,Aquarius
2670,Libra,Aries
2671,Taurus,Libra
2672,Pisces,Scorpio
2673,Gemini,Gemini
2674,Aries,Aries
2675,Taurus,Pisces
2676,Taurus,Cancer
2677,Scorpio,Aries
2678,Aquarius,Virgo
2679,Scorpio,Leo
2680,Pisces,Pisces
2681,Aries,Pisces
2682,Aries,Leo
2683,Taurus,Sagittarius
2684,Sagittarius,Virgo
2685,Virgo,Scorpio
2686,Pisces,Libra
2687,Sagittarius,Cancer
2688,Taurus,Taurus
2689,Virgo,Pisces
2692,Cancer,Leo
2694,Sagittarius,Taurus
2695,Leo,Libra
2696,Libra,Libra
2697,Libra,Capricorn
2698,Sagittarius,Virgo
2699,Capricorn,Sagittarius
2700,Leo,Virgo
2701,Gemini,Scorpio
2702,Aquarius,Leo
2703,Taurus,Libra
2704,Taurus,Libra
2705,Virgo,Leo
2706,Virgo,Aquarius
2707,Sagittarius,Pisces
2708,Scorpio,Scorpio
2709,Capricorn,Virgo
2710,Capricorn,Taurus
2711,Aquarius,Cancer
2712,Leo,Virgo
2713,Pisces,Cancer
2715,Libra,Taurus
2716,Aries,Pisces
2717,Virgo,Cancer
2718,Leo,Cancer
2719,Sagittarius,Leo
2720,Capricorn,Pisces
2721,Sagittarius,Aries
2722,Gemini,Cancer
2723,Scorpio,Leo
2724,Virgo,Virgo
2725,Libra,Capricorn
2726,Leo,Aquarius
2727,Gemini,Virgo
2729,Sagittarius,Taurus
2730,Gemini,Leo
2731,Scorpio,Aquarius
2733,Scorpio,Virgo
2734,Gemini,Cancer
2735,Scorpio,Libra
2736,Capricorn,Libra
2737,Taurus,Taurus
2738,Gemini,Aries
2739,Aquarius,Gemini
2740,Libra,Aries
2741,Taurus,Scorpio
2742,Leo,Virgo
2743,Sagittarius,Taurus
2744,Sagittarius,Sagittarius
2745,Libra,Pisces
2746,Libra,Taurus
2748,Virgo,Pisces
2750,Gemini,Scorpio
2751,Virgo,Leo
2752,Pisces,Aries
2753,Pisces,Taurus
2754,Capricorn,Cancer
2755,Aquarius,Aries
2756,Scorpio,Scorpio
2757,Aries,Taurus
2761,Cancer,Leo
2762,Aries,Gemini
2763,Virgo,Sagittarius
2764,Cancer,Cancer
2765,Aries,Aries
2766,Pisces,Scorpio
2768,Pisces,Gemini
2769,Cancer,Virgo
2770,Gemini,Gemini
2771,Aquarius,Leo
2772,Aries,Aries
2773,Pisces,Capricorn
2774,Pisces,Leo
2775,Leo,Leo
2776,Virgo,Cancer
2777,Cancer,Gemini
2778,Sagittarius,Gemini
2779,Libra,Leo
2780,Gemini,Aries
2781,Cancer,Virgo
2782,Virgo,Virgo
2783,Gemini,Capricorn
2784,Scorpio,Libra
2785,Pisces,Aries
2786,Capricorn,Aquarius
2787,Pisces,Aquarius
2788,Libra,Aquarius
2791,Sagittarius,Aquarius
2793,Cancer,Leo
2794,Gemini,Aries
2796,Leo,Virgo
2797,Sagittarius,Sagittarius
2798,Pisces,Pisces
2800,Scorpio,Virgo
2801,Aries,Taurus
2802,Capricorn,Cancer
2803,Libra,Sagittarius
2804,Aries,Scorpio
2805,Cancer,Aquarius
2806,Pisces,Taurus
2809,Aquarius,Aries
2810,Pisces,Sagittarius
2811,Pisces,Taurus
2812,Scorpio,Scorpio
2813,Taurus,Taurus
2814,Taurus,Taurus
2815,Aries,Gemini
2816,Sagittarius,Libra
2817,Capricorn,Sagittarius
2818,Libra,Aries
2819,Libra,Cancer
2820,Pisces,Sagittarius
2821,Cancer,Taurus
2822,Aquarius,Aries
2823,Taurus,Virgo
2824,Aries,Scorpio
2825,Leo,Capricorn
2826,Gemini,Scorpio
2827,Aries,Cancer
2828,Virgo,Virgo
2829,Scorpio,Scorpio
2830,Leo,Leo
2831,Sagittarius,Leo
2832,Sagittarius,Leo
2834,Aries,Sagittarius
2836,Sagittarius,Gemini
2837,Pisces,Capricorn
2838,Cancer,Virgo
2839,Sagittarius,Scorpio
2840,Taurus,Capricorn
2841,Pisces,Cancer
2844,Gemini,Aries
2845,Aries,Leo
2846,Scorpio,Cancer
2847,Leo,Aquarius
2848,Virgo,Leo
2849,Virgo,Aries
2850,Gemini,Aries
2852,Virgo,Leo
2856,Pisces,Aquarius
2857,Capricorn,Sagittarius
2858,Gemini,Capricorn
2859,Gemini,Scorpio
2860,Capricorn,Capricorn
2861,Leo,Sagittarius
2862,Cancer,Aries
2863,Pisces,Scorpio
2864,Gemini,Gemini
2865,Cancer,Taurus
2866,Aries,Leo
2868,Taurus,Capricorn
2870,Leo,Gemini
2871,Taurus,Aries
2872,Gemini,Libra
2873,Aries,Capricorn
2874,Pisces,Sagittarius
2875,Sagittarius,Virgo
2876,Scorpio,Aries
2877,Capricorn,Gemini
2878,Scorpio,Capricorn
2879,Virgo,Libra
2880,Leo,Sagittarius
2881,Scorpio,Sagittarius
2882,Gemini,Leo
2883,Aries,Aries
2884,Aquarius,Aquarius
2885,Gemini,Capricorn
2886,Cancer,Capricorn
2887,Cancer,Pisces
2888,Capricorn,Capricorn
2889,Scorpio,Virgo
2890,Aquarius,Gemini
2891,Gemini,Virgo
2892,Capricorn,Scorpio
2893,Aquarius,Scorpio
2894,Gemini,Aries
2895,Aries,Aquarius
2896,Pisces,Virgo
2897,Pisces,Taurus
2899,Virgo,Virgo
2900,Leo,Gemini
2901,Leo,Taurus
2902,Gemini,Capricorn
2903,Scorpio,Capricorn
2904,Libra,Aries
2906,Cancer,Aquarius
2907,Libra,Gemini
2908,Gemini,Taurus
2909,Libra,Pisces
2910,Sagittarius,Pisces
2911,Capricorn,Scorpio
2912,Gemini,Gemini
2913,Pisces,Gemini
2914,Sagittarius,Scorpio
2915,Libra,Scorpio
2916,Sagittarius,Gemini
2917,Capricorn,Virgo
2918,Sagittarius,Sagittarius
2919,Capricorn,Virgo
2920,Pisces,Cancer
2922,Capricorn,Taurus
2923,Leo,Virgo
2924,Leo,Aries
2925,Leo,Leo
2926,Aries,Taurus
2927,Capricorn,Taurus
2928,Aries,Virgo
2929,Taurus,Libra
2931,Libra,Aries
2932,Gemini,Libra
2933,Cancer,Cancer
2934,Virgo,Sagittarius
2936,Gemini,Taurus
2937,Aries,Gemini
2938,Libra,Aquarius
2939,Leo,Virgo
2940,Sagittarius,Capricorn
2941,Aries,Cancer
2942,Aries,Scorpio
2943,Cancer,Leo
2946,Virgo,Aquarius
2947,Taurus,Sagittarius
2948,Sagittarius,Libra
2949,Leo,Pisces
2950,Aquarius,Taurus
2951,Taurus,Pisces
2952,Capricorn,Libra
2953,Pisces,Pisces
2954,Taurus,Leo
2955,Aries,Aquarius
2956,Taurus,Capricorn
2957,Scorpio,Libra
2958,Sagittarius,Sagittarius
2960,Capricorn,Pisces
2961,Aries,Leo
2962,Sagittarius,Libra
2963,Pisces,Cancer
2966,Pisces,Gemini
2967,Aries,Libra
2968,Taurus,Aquarius
2969,Sagittarius,Aries
2970,Capricorn,Pisces
2971,Capricorn,Leo
2972,Aquarius,Capricorn
2973,Aquarius,Pisces
2974,Scorpio,Sagittarius
2975,Capricorn,Taurus
2976,Aries,Capricorn
2977,Cancer,Gemini
2978,Libra,Leo
2979,Aquarius,Capricorn
2980,Pisces,Libra
2981,Aries,Leo
2982,Taurus,Gemini
2983,Aries,Libra
2984,Pisces,Taurus
2985,Gemini,Cancer
2986,Aquarius,Aries
2987,Pisces,Virgo
2988,Capricorn,Pisces
2989,Leo,Virgo
2990,Pisces,Virgo
2991,Leo,Gemini
2992,Virgo,Libra
2993,Leo,Libra
2994,Gemini,Capricorn
2996,Aries,Pisces
2997,Aries,Libra
2999,Virgo,Leo
3000,Scorpio,Capricorn
3001,Capricorn,Cancer
3002,Leo,Pisces
3003,Sagittarius,Leo
3004,Cancer,Libra
3005,Cancer,Leo
3006,Gemini,Capricorn
3007,Cancer,Taurus
3008,Leo,Scorpio
3009,Pisces,Capricorn
3010,Virgo,Gemini
3011,Libra,Aries
3012,Taurus,Aquarius
3013,Pisces,Sagittarius
3014,Taurus,Virgo
3015,Taurus,Virgo
3016,Libra,Gemini
3017,Capricorn,Libra
3018,Gemini,Aquarius
3020,Leo,Sagittarius
3021,Capricorn,Capricorn
3023,Virgo,Taurus
3024,Aquarius,Scorpio
3025,Pisces,Aries
3026,Sagittarius,Virgo
3027,Gemini,Scorpio
3028,Capricorn,Scorpio
3029,Pisces,Taurus
3030,Gemini,Pisces
3031,Cancer,Aquarius
3032,Sagittarius,Sagittarius
3033,Taurus,Leo
3034,Taurus,Pisces
3035,Cancer,Leo
3036,Aquarius,Libra
3037,Scorpio,Gemini
3038,Taurus,Sagittarius
3039,Libra,Gemini
3040,Taurus,Pisces
3041,Aquarius,Sagittarius
3042,Aries,Capricorn
3043,Libra,Aries
3044,Leo,Virgo
3045,Sagittarius,Cancer
3046,Capricorn,Sagittarius
3047,Taurus,Pisces
3048,Pisces,Scorpio
3049,Cancer,Pisces
3050,Virgo,Sagittarius
3051,Sagittarius,Libra
3052,Aquarius,Libra
3053,Capricorn,Cancer
3054,Cancer,Leo
3056,Cancer,Leo
3057,Taurus,Aries
3058,Pisces,Libra
3059,Scorpio,Virgo
3060,Pisces,Taurus
3061,Gemini,Leo
3062,Capricorn,Aquarius
3064,Virgo,Aquarius
3065,Pisces,Gemini
3066,Cancer,Scorpio
3067,Pisces,Scorpio
3068,Virgo,Aries
3069,Cancer,Pisces
3070,Gemini,Cancer
3071,Aries,Scorpio
3072,Scorpio,Taurus
3073,Cancer,Capricorn
3074,Scorpio,Taurus
3075,Taurus,Taurus
3076,Capricorn,Capricorn
3077,Cancer,Aquarius
3078,Virgo,Capricorn
3079,Aquarius,Capricorn
3080,Leo,Cancer
3081,Gemini,Taurus
3082,Sagittarius,Scorpio
3083,Libra,Taurus
3084,Scorpio,Aries
3085,Leo,Leo
3086,Aquarius,Taurus
3087,Taurus,Leo
3088,Sagittarius,Virgo
3090,Scorpio,Gemini
3091,Aquarius,Libra
3092,Virgo,Scorpio
3093,Virgo,Cancer
3094,Virgo,Aries
3095,Aquarius,Aries
3096,Taurus,Libra
3097,Capricorn,Sagittarius
3099,Aquarius,Capricorn
3100,Gemini,Cancer
3101,Libra,Virgo
3102,Capricorn,Aries
3103,Scorpio,Taurus
3104,Libra,Capricorn
3105,Aquarius,Pisces
3106,Aries,Pisces
3107,Libra,Gemini
3108,Scorpio,Pisces
3111,Scorpio,Leo
3112,Pisces,Gemini
3113,Aries,Pisces
3114,Libra,Libra
3115,Aries,Taurus
3116,Taurus,Leo
3117,Aquarius,Gemini
3118,Leo,Virgo
3119,Libra,Virgo
3120,Sagittarius,Taurus
3121,Scorpio,Sagittarius
3122,Virgo,Pisces
3124,Taurus,Scorpio
3125,Libra,Leo
3126,Taurus,Scorpio
3127,Aries,Leo
3128,Gemini,Virgo
3130,Leo,Taurus
3131,Leo,Libra
3132,Libra,Virgo
3133,Gemini,Aries
3134,Gemini,Gemini
3135,Sagittarius,Cancer
3136,Capricorn,Sagittarius
3138,Leo,Aries
3139,Taurus,Virgo
3141,Aries,Scorpio
3142,Virgo,Virgo
3143,Scorpio,Libra
3144,Gemini,Sagittarius
3145,Cancer,Virgo
3146,Taurus,Cancer
3149,Leo,Libra
3150,Taurus,Gemini
3151,Leo,Aries
3152,Virgo,Sagittarius
3153,Scorpio,Aries
3155,Scorpio,Leo
3156,Virgo,Aquarius
3157,Virgo,Gemini
3158,Taurus,Cancer
3159,Capricorn,Gemini
3160,Scorpio,Capricorn
3161,Capricorn,Aries
3162,Capricorn,Pisces
3163,Cancer,Aquarius
3164,Scorpio,Pisces
3165,Aquarius,Pisces
3166,Aquarius,Capricorn
3167,Sagittarius,Gemini
3168,Pisces,Capricorn
3169,Leo,Libra
3170,Aquarius,Cancer
3171,Cancer,Taurus
3172,Taurus,Aries
3173,Cancer,Capricorn
3174,Taurus,Aquarius
3175,Capricorn,Sagittarius
3176,Pisces,Cancer
3177,Aquarius,Aquarius
3178,Scorpio,Gemini
3179,Scorpio,Leo
3180,Aquarius,Scorpio
3181,Libra,Gemini
3182,Cancer,Aries
3183,Gemini,Scorpio
3184,Aries,Scorpio
3185,Cancer,Libra
3186,Taurus,Cancer
3187,Scorpio,Aries
3188,Leo,Libra
3189,Capricorn,Leo
3190,Leo,Cancer
3191,Gemini,Leo
3192,Leo,Gemini
3193,Virgo,Sagittarius
3194,Taurus,Capricorn
3195,Taurus,Cancer
3196,Leo,Capricorn
3197,Sagittarius,Cancer
3198,Aquarius,Gemini
3199,Sagittarius,Scorpio
3200,Gemini,Gemini
3201,Aquarius,Cancer
3202,Virgo,Virgo
3204,Libra,Libra
3205,Taurus,Taurus
3206,Libra,Libra
3207,Gemini,Aries
3209,Gemini,Gemini
3210,Gemini,Leo
3211,Sagittarius,Sagittarius
3212,Aquarius,Scorpio
3213,Gemini,Scorpio
3214,Libra,Aries
3215,Leo,Virgo
3216,Cancer,Cancer
3218,Taurus,Capricorn
3219,Virgo,Sagittarius
3220,Libra,Sagittarius
3221,Scorpio,Leo
3222,Virgo,Gemini
3223,Cancer,Aries
3224,Aquarius,Aquarius
3225,Sagittarius,Cancer
3226,Aquarius,Cancer
3227,Leo,Gemini
3228,Scorpio,Taurus
3229,Virgo,Aries
3230,Leo,Gemini
3231,Scorpio,Capricorn
3232,Aries,Cancer
3233,Cancer,Aquarius
3234,Cancer,Aries
3235,Aquarius,Sagittarius
3236,Libra,Cancer
3237,Taurus,Sagittarius
3238,Gemini,Pisces
3239,Virgo,Leo
3240,Virgo,Gemini
3241,Aquarius,Pisces
3242,Pisces,Taurus
3243,Sagittarius,Gemini
3244,Gemini,Taurus
3246,Pisces,Libra
3247,Aries,Virgo
3248,Aquarius,Leo
3249,Sagittarius,Capricorn
3250,Aquarius,Capricorn
3251,Leo,Aquarius
3252,Scorpio,Leo
3253,Libra,Pisces
3254,Gemini,Capricorn
3255,Leo,Aquarius
3256,Leo,Gemini
3257,Aquarius,Taurus
3259,Libra,Pisces
3260,Aquarius,Aquarius
3261,Libra,Virgo
3262,Capricorn,Taurus
3263,Aquarius,Sagittarius
3264,Capricorn,Capricorn
3265,Aries,Sagittarius
3266,Sagittarius,Libra
3267,Gemini,Virgo
3268,Virgo,Leo
3269,Capricorn,Virgo
3270,Capricorn,Taurus
3271,Libra,Capricorn
3272,Pisces,Pisces
3273,Aquarius,Libra
3274,Cancer,Leo
3275,Scorpio,Scorpio
3277,Capricorn,Aries
3279,Leo,Sagittarius
3280,Aries,Taurus
3281,Virgo,Scorpio
3282,Cancer,Aries
3284,Taurus,Taurus
3285,Aries,Sagittarius
3286,Leo,Libra
3287,Scorpio,Cancer
3288,Aquarius,Aries
3290,Aries,Aquarius
3291,Virgo,Leo
3293,Sagittarius,Pisces
3294,Aries,Gemini
3295,Capricorn,Scorpio
3296,Sagittarius,Taurus
3297,Aquarius,Scorpio
3298,Cancer,Scorpio
3299,Cancer,Scorpio
3302,Libra,Libra
3303,Aquarius,Gemini
3304,Taurus,Taurus
3305,Cancer,Pisces
3306,Leo,Cancer
3307,Leo,Taurus
3308,Taurus,Virgo
3309,Cancer,Pisces
3310,Leo,Pisces
3311,Virgo,Scorpio
3312,Aries,Leo
3313,Libra,Taurus
3314,Libra,Capricorn
3315,Libra,Libra
3316,Aquarius,Leo
3317,Leo,Aries
3318,Capricorn,Leo
3319,Scorpio,Pisces
3320,Aquarius,Aries
3321,Gemini,Capricorn
3322,Aries,Capricorn
3323,Cancer,Virgo
3324,Scorpio,Aquarius
3325,Cancer,Cancer
3326,Libra,Taurus
3327,Virgo,Taurus
3328,Sagittarius,Leo
3329,Sagittarius,Sagittarius
3330,Sagittarius,Cancer
3333,Aries,Leo
3334,Aquarius,Libra
3335,Sagittarius,Aries
3336,Aries,Libra
3338,Taurus,Pisces
3339,Scorpio,Libra
3340,Aries,Cancer
3341,Pisces,Cancer
3343,Pisces,Cancer
3344,Leo,Aquarius
3345,Capricorn,Cancer
3346,Cancer,Sagittarius
3347,Taurus,Cancer
3348,Virgo,Capricorn
3349,Libra,Pisces
3350,Gemini,Libra
3351,Taurus,Virgo
3352,Pisces,Virgo
3353,Sagittarius,Aquarius
3354,Scorpio,Leo
3355,Sagittarius,Taurus
3356,Libra,Libra
3357,Scorpio,Taurus
3358,Capricorn,Sagittarius
3359,Libra,Aquarius
3360,Taurus,Capricorn
3361,Leo,Aquarius
3362,Capricorn,Virgo
3363,Gemini,Aries
3364,Sagittarius,Aquarius
3365,Taurus,Taurus
3366,Scorpio,Aries
3368,Libra,Capricorn
3369,Cancer,Virgo
3370,Aquarius,Pisces
3373,Aries,Libra
3374,Libra,Sagittarius
3375,Libra,Gemini
3376,Scorpio,Aquarius
3378,Leo,Virgo
3379,Leo,Gemini
3380,Aquarius,Sagittarius
3381,Aquarius,Virgo
3382,Cancer,Sagittarius
3383,Scorpio,Cancer
3384,Taurus,Virgo
3385,Cancer,Leo
3386,Virgo,Capricorn
3387,Leo,Pisces
3388,Gemini,Gemini
3389,Scorpio,Taurus
3390,Pisces,Pisces
3391,Scorpio,Cancer
3392,Virgo,Cancer
3393,Cancer,Aries
3394,Aries,Gemini
3396,Leo,Virgo
3397,Virgo,Gemini
3399,Leo,Taurus
3400,Aries,Aries
3401,Sagittarius,Aries
3402,Libra,Capricorn
3403,Aries,Cancer
3404,Gemini,Cancer
3405,Virgo,Aries
3406,Virgo,Sagittarius
3407,Aries,Aquarius
3408,Leo,Scorpio
3409,Scorpio,Cancer
3410,Aquarius,Virgo
3411,Sagittarius,Sagittarius
3412,Pisces,Taurus
3413,Cancer,Cancer
3414,Libra,Virgo
3415,Aries,Gemini
3416,Gemini,Sagittarius
3417,Capricorn,Pisces
3418,Scorpio,Pisces
3419,Cancer,Scorpio
3420,Virgo,Aquarius
3421,Virgo,Gemini
3422,Cancer,Cancer
3423,Scorpio,Sagittarius
3424,Cancer,Pisces
3425,Aquarius,Taurus
3426,Aries,Cancer
3427,Aquarius,Sagittarius
3428,Aquarius,Virgo
3429,Taurus,Capricorn
3430,Gemini,Pisces
3431,Aquarius,Pisces
3432,Pisces,Gemini
3433,Taurus,Virgo
3434,Scorpio,Sagittarius
3435,Pisces,Libra
3436,Sagittarius,Taurus
3437,Cancer,Pisces
3438,Capricorn,Scorpio
3439,Capricorn,Leo
3440,Cancer,Pisces
3441,Sagittarius,Aquarius
3442,Capricorn,Virgo
3443,Aquarius,Scorpio
3445,Aries,Cancer
3447,Cancer,Leo
3448,Virgo,Scorpio
3450,Libra,Leo
3451,Aquarius,Virgo
3453,Capricorn,Aries
3454,Gemini,Leo
3455,Cancer,Aquarius
3456,Scorpio,Libra
3457,Gemini,Capricorn
3458,Taurus,Scorpio
3459,Libra,Leo
3460,Leo,Capricorn
3461,Aries,Pisces
3463,Gemini,Libra
3464,Sagittarius,Scorpio
3465,Sagittarius,Libra
3466,Virgo,Gemini
3467,Capricorn,Cancer
3468,Virgo,Pisces
3469,Capricorn,Pisces
3470,Virgo,Virgo
3472,Aries,Taurus
3473,Libra,Scorpio
3474,Aries,Libra
3475,Virgo,Aries
3476,Capricorn,Gemini
3477,Cancer,Virgo
3478,Leo,Leo
3479,Aquarius,Libra
3480,Pisces,Virgo
3481,Scorpio,Capricorn
3482,Capricorn,Pisces
3483,Aries,Taurus
3485,Scorpio,Libra
3486,Gemini,Pisces
3487,Gemini,Pisces
3488,Virgo,Leo
3489,Capricorn,Sagittarius
3490,Virgo,Virgo
3491,Capricorn,Aries
3492,Capricorn,Pisces
3493,Pisces,Pisces
3494,Aquarius,Taurus
3495,Leo,Gemini
3496,Taurus,Taurus
3497,Sagittarius,Pisces
3498,Capricorn,Scorpio
3499,Scorpio,Leo
3500,Aries,Libra
3502,Capricorn,Aquarius
3503,Leo,Gemini
3504,Libra,Scorpio
3505,Gemini,Capricorn
3506,Scorpio,Libra
3507,Scorpio,Leo
3508,Sagittarius,Sagittarius
3509,Aries,Pisces
3510,Aries,Sagittarius
3511,Aquarius,Cancer
3512,Cancer,Aquarius
3513,Leo,Capricorn
3514,Aquarius,Capricorn
3515,Libra,Scorpio
3516,Taurus,Leo
3517,Cancer,Libra
3518,Sagittarius,Taurus
3519,Libra,Sagittarius
3520,Scorpio,Cancer
3521,Taurus,Gemini
3522,Pisces,Scorpio
3523,Cancer,Aries
3524,Aquarius,Aries
3525,Taurus,Cancer
3526,Aquarius,Libra
3527,Sagittarius,Aquarius
3528,Pisces,Cancer
3529,Cancer,Gemini
3530,Cancer,Aquarius
3531,Sagittarius,Pisces
3532,Gemini,Pisces
3533,Gemini,Aries
3534,Scorpio,Sagittarius
3535,Cancer,Scorpio
3536,Virgo,Leo
3537,Leo,Sagittarius
3538,Sagittarius,Aquarius
3539,Aquarius,Aries
3540,Capricorn,Pisces
3541,Aquarius,Sagittarius
3542,Virgo,Taurus
3544,Pisces,Libra
3545,Aquarius,Scorpio
3546,Aquarius,Sagittarius
3547,Pisces,Virgo
3548,Aries,Aries
3549,Libra,Libra
3551,Gemini,Pisces
3552,Aquarius,Gemini
3553,Sagittarius,Aquarius
3554,Pisces,Taurus
3555,Gemini,Aquarius
3556,Aquarius,Cancer
3557,Taurus,Gemini
3559,Virgo,Aries
3560,Capricorn,Taurus
3561,Gemini,Virgo
3562,Virgo,Cancer
3563,Pisces,Aquarius
3564,Taurus,Pisces
3565,Capricorn,Leo
3566,Aries,Virgo
3567,Aries,Virgo
3568,Sagittarius,Aquarius
3569,Cancer,Leo
3570,Libra,Aquarius
3571,Gemini,Leo
3572,Cancer,Gemini
3573,Capricorn,Capricorn
3574,Sagittarius,Gemini
3575,Gemini,Pisces
3576,Aquarius,Capricorn
3577,Cancer,Taurus
3578,Cancer,Aquarius
3579,Taurus,Aries
3580,Scorpio,Libra
3581,Aquarius,Scorpio
3582,Gemini,Taurus
3583,Capricorn,Aries
3585,Sagittarius,Capricorn
3586,Aquarius,Sagittarius
3587,Capricorn,Cancer
3588,Gemini,Libra
3589,Cancer,Leo
3590,Leo,Taurus
3591,Aries,Sagittarius
3592,Libra,Leo
3593,Virgo,Libra
3594,Leo,Aries
3595,Leo,Taurus
3596,Virgo,Scorpio
3597,Cancer,Capricorn
3599,Cancer,Cancer
3601,Gemini,Aquarius
3602,Virgo,Scorpio
3604,Leo,Sagittarius
3605,Libra,Leo
3606,Leo,Taurus
3607,Aquarius,Cancer
3608,Pisces,Aquarius
3609,Gemini,Libra
3610,Aquarius,Scorpio
3612,Taurus,Virgo
3613,Scorpio,Taurus
3614,Capricorn,Scorpio
3615,Leo,Capricorn
3616,Libra,Aries
3617,Capricorn,Sagittarius
3618,Libra,Taurus
3619,Taurus,Libra
3620,Gemini,Scorpio
3621,Aries,Virgo
3623,Scorpio,Aquarius
3624,Sagittarius,Scorpio
3626,Aries,Leo
3627,Cancer,Leo
3628,Leo,Aries
3629,Leo,Leo
3630,Libra,Cancer
3632,Capricorn,Virgo
3633,Leo,Leo
3634,Cancer,Scorpio
3635,Pisces,Libra
3636,Aries,Leo
3637,Virgo,Leo
3638,Capricorn,Pisces
3639,Aries,Taurus
3640,Taurus,Scorpio
3641,Sagittarius,Virgo
3642,Sagittarius,Taurus
3643,Taurus,Libra
3644,Scorpio,Pisces
3645,Virgo,Taurus
3646,Capricorn,Scorpio
3647,Libra,Cancer
3648,Capricorn,Pisces
3649,Libra,Scorpio
3650,Virgo,Sagittarius
3651,Cancer,Pisces
3652,Leo,Libra
3653,Virgo,Sagittarius
3654,Virgo,Cancer
3655,Gemini,Taurus
3656,Leo,Cancer
3657,Leo,Libra
3658,Leo,Scorpio
3659,Aquarius,Cancer
3660,Libra,Virgo
3661,Cancer,Libra
3663,Cancer,Virgo
3664,Sagittarius,Pisces
3665,Aries,Scorpio
3666,Gemini,Virgo
3667,Scorpio,Aries
3668,Cancer,Aries
3669,Aries,Sagittarius
3670,Libra,Libra
3671,Cancer,Libra
3672,Virgo,Virgo
3673,Aquarius,Virgo
3674,Scorpio,Virgo
3675,Pisces,Scorpio
3676,Virgo,Sagittarius
3677,Virgo,Aquarius
3678,Capricorn,Capricorn
3679,Taurus,Sagittarius
3680,Cancer,Virgo
3681,Taurus,Sagittarius
3682,Virgo,Scorpio
3683,Sagittarius,Leo
3684,Sagittarius,Aries
3685,Aquarius,Cancer
3687,Scorpio,Capricorn
3688,Gemini,Capricorn
3689,Aries,Capricorn
3690,Virgo,Libra
3691,Cancer,Scorpio
3692,Libra,Scorpio
3693,Cancer,Cancer
3695,Virgo,Gemini
3696,Cancer,Capricorn
3697,Taurus,Pisces
3698,Leo,Leo
3699,Aquarius,Virgo
3700,Pisces,Gemini
3701,Pisces,Virgo
3702,Pisces,Pisces
3703,Sagittarius,Scorpio
3704,Cancer,Aries
3705,Cancer,Pisces
3706,Libra,Scorpio
3709,Virgo,Leo
3710,Pisces,Virgo
3711,Leo,Taurus
3712,Sagittarius,Pisces
3713,Libra,Sagittarius
3714,Virgo,Gemini
3715,Gemini,Leo
3716,Sagittarius,Libra
3717,Leo,Pisces
3718,Cancer,Virgo
3719,Libra,Virgo
3720,Taurus,Taurus
3723,Leo,Taurus
3726,Virgo,Cancer
3727,Pisces,Capricorn
3728,Pisces,Leo
3729,Aries,Gemini
3730,Sagittarius,Scorpio
3731,Sagittarius,Gemini
3733,Leo,Scorpio
3734,Aquarius,Capricorn
3735,Virgo,Aries
3736,Gemini,Sagittarius
3737,Libra,Sagittarius
3738,Libra,Capricorn
3739,Capricorn,Aries
3740,Aries,Virgo
3741,Capricorn,Leo
3742,Pisces,Cancer
3743,Cancer,Capricorn
3744,Sagittarius,Scorpio
3745,Scorpio,Cancer
3746,Leo,Sagittarius
3747,Libra,Scorpio
3748,Cancer,Cancer
3749,Gemini,Gemini
3750,Scorpio,Libra
3751,Scorpio,Aries
3752,Aquarius,Scorpio
3754,Virgo,Gemini
3756,Taurus,Scorpio
3758,Pisces,Scorpio
3759,Libra,Taurus
3760,Leo,Taurus
3761,Sagittarius,Capricorn
3762,Scorpio,Scorpio
3763,Gemini,Sagittarius
3764,Gemini,Gemini
3765,Scorpio,Virgo
3766,Libra,Libra
3768,Capricorn,Cancer
3775,Aquarius,Capricorn
3776,Aries,Sagittarius
3777,Gemini,Scorpio
3778,Virgo,Virgo
3780,Aries,Scorpio
3781,Capricorn,Taurus
3783,Virgo,Virgo
3784,Capricorn,Pisces
3785,Pisces,Leo
3786,Cancer,Sagittarius
3787,Libra,Taurus
3788,Pisces,Libra
3789,Cancer,Cancer
3790,Libra,Taurus
3791,Aquarius,Cancer
3792,Aries,Pisces
3793,Pisces,Gemini
3794,Virgo,Virgo
3795,Gemini,Capricorn
3796,Leo,Pisces
3797,Aquarius,Virgo
3798,Leo,Gemini
3800,Capricorn,Taurus
3803,Scorpio,Capricorn
3804,Gemini,Virgo
3805,Pisces,Taurus
3807,Cancer,Capricorn
3808,Capricorn,Aquarius
3809,Aquarius,Aquarius
3810,Aquarius,Gemini
3812,Pisces,Leo
3816,Scorpio,Aries
3817,Capricorn,Cancer
3818,Scorpio,Virgo
3820,Sagittarius,Pisces
3821,Cancer,Capricorn
3822,Cancer,Libra
3823,Cancer,Taurus
3824,Virgo,Aquarius
3825,Libra,Leo
3826,Sagittarius,Aries
3827,Taurus,Scorpio
3828,Scorpio,Cancer
3829,Cancer,Gemini
3830,Aquarius,Scorpio
3831,Aquarius,Taurus
3832,Aquarius,Aquarius
3833,Cancer,Leo
3834,Aries,Aries
3836,Libra,Gemini
3837,Aquarius,Pisces
3838,Taurus,Aries
3839,Libra,Aquarius
3840,Virgo,Libra
3841,Virgo,Scorpio
3842,Cancer,Leo
3843,Cancer,Virgo
3844,Cancer,Pisces
3845,Virgo,Aries
3846,Gemini,Libra
3847,Taurus,Pisces
3848,Virgo,Scorpio
3849,Capricorn,Pisces
3850,Sagittarius,Virgo
3851,Scorpio,Virgo
3852,Taurus,Sagittarius
3853,Gemini,Libra
3854,Virgo,Aquarius
3855,Virgo,Taurus
3856,Libra,Libra
3857,Aries,Aquarius
3858,Pisces,Pisces
3859,Capricorn,Aries
3860,Gemini,Libra
3861,Aries,Capricorn
3862,Virgo,Scorpio
3863,Sagittarius,Libra
3864,Libra,Capricorn
3865,Virgo,Sagittarius
3866,Aries,Aries
3867,Leo,Cancer
3868,Sagittarius,Cancer
3869,Virgo,Virgo
3870,Aquarius,Aries
3871,Leo,Taurus
3872,Taurus,Gemini
3873,Pisces,Aries
3874,Pisces,Virgo
3875,Sagittarius,Leo
3878,Sagittarius,Capricorn
3880,Scorpio,Scorpio
3881,Leo,Taurus
3882,Gemini,Cancer
3884,Taurus,Virgo
3885,Libra,Aries
3886,Virgo,Pisces
3887,Libra,Scorpio
3888,Scorpio,Scorpio
3889,Scorpio,Gemini
3890,Virgo,Virgo
3891,Virgo,Libra
3892,Aquarius,Scorpio
3893,Taurus,Scorpio
3894,Leo,Leo
3895,Scorpio,Scorpio
3897,Aquarius,Virgo
3898,Gemini,Sagittarius
3900,Leo,Libra
3901,Pisces,Virgo
3902,Sagittarius,Sagittarius
3903,Capricorn,Scorpio
3904,Virgo,Taurus
3905,Virgo,Scorpio
3906,Capricorn,Sagittarius
3907,Capricorn,Pisces
3908,Cancer,Aries
3909,Aries,Leo
3910,Gemini,Scorpio
3912,Sagittarius,Libra
3913,Pisces,Libra
3914,Leo,Cancer
3915,Cancer,Pisces
3916,Libra,Aries
3918,Cancer,Sagittarius
3919,Scorpio,Aquarius
3921,Virgo,Aries
3922,Capricorn,Aquarius
3924,Aries,Aries
3925,Gemini,Libra
3926,Aries,Aquarius
3927,Aries,Sagittarius
3928,Taurus,Libra
3929,Leo,Aries
3930,Aries,Taurus
3931,Aries,Aquarius
3932,Virgo,Capricorn
3933,Taurus,Gemini
3934,Gemini,Gemini
3935,Libra,Sagittarius
3936,Aries,Aries
3937,Capricorn,Virgo
3938,Gemini,Sagittarius
3939,Scorpio,Pisces
3940,Taurus,Virgo
3942,Taurus,Gemini
3943,Libra,Scorpio
3944,Leo,Taurus
3945,Gemini,Taurus
3946,Scorpio,Pisces
3947,Virgo,Capricorn
3948,Capricorn,Aquarius
3949,Aquarius,Capricorn
3950,Aries,Aquarius
3951,Capricorn,Libra
3953,Scorpio,Pisces
3955,Leo,Leo
3956,Cancer,Aries
3957,Sagittarius,Gemini
3958,Sagittarius,Aquarius
3959,Virgo,Cancer
3962,Virgo,Capricorn
3963,Aquarius,Sagittarius
3964,Virgo,Leo
3965,Pisces,Gemini
3966,Capricorn,Virgo
3967,Taurus,Sagittarius
3968,Virgo,Capricorn
3972,Libra,Pisces
3973,Leo,Libra
3974,Scorpio,Gemini
3975,Virgo,Aries
3976,Aries,Libra
3977,Sagittarius,Libra
3978,Scorpio,Gemini
3979,Cancer,Pisces
3980,Libra,Virgo
3981,Aquarius,Leo
3982,Aquarius,Scorpio
3983,Libra,Pisces
3984,Taurus,Leo
3986,Aquarius,Aquarius
3987,Sagittarius,Capricorn
3988,Virgo,Libra
3989,Pisces,Pisces
3990,Sagittarius,Taurus
3991,Libra,Taurus
3992,Pisces,Cancer
3993,Taurus,Cancer
3994,Aquarius,Scorpio
3996,Taurus,Sagittarius
3997,Virgo,Scorpio
3998,Scorpio,Taurus
3999,Capricorn,Capricorn
4000,Leo,Virgo
4001,Gemini,Sagittarius
4002,Taurus,Aquarius
4003,Sagittarius,Libra
4005,Aries,Leo
4007,Scorpio,Taurus
4008,Virgo,Cancer
4009,Capricorn,Virgo
4010,Taurus,Cancer
4011,Scorpio,Aquarius
4013,Virgo,Leo
4014,Gemini,Virgo
4015,Sagittarius,Libra
4016,Pisces,Aries
4017,Aquarius,Cancer
4018,Gemini,Leo
4019,Aries,Gemini
4020,Cancer,Scorpio
4023,Taurus,Virgo
4024,Taurus,Aries
4025,Aries,Libra
4026,Leo,Scorpio
4027,Cancer,Sagittarius
4028,Leo,Aquarius
4029,Scorpio,Aquarius
4030,Aries,Aries
4031,Scorpio,Libra
4032,Taurus,Aries
4033,Libra,Aquarius
4034,Leo,Aries
4035,Scorpio,Aquarius
4036,Scorpio,Gemini
4037,Capricorn,Pisces
4039,Leo,Sagittarius
4040,Gemini,Gemini
4042,Aries,Aquarius
4043,Scorpio,Aquarius
4045,Cancer,Aquarius
4046,Cancer,Libra
4047,Virgo,Leo
4048,Pisces,Aries
4049,Sagittarius,Capricorn
4050,Capricorn,Virgo
4051,Aquarius,Virgo
4052,Virgo,Libra
4054,Libra,Aries
4055,Libra,Aquarius
4058,Pisces,Libra
4061,Pisces,Scorpio
4062,Virgo,Leo
4063,Gemini,Cancer
4064,Sagittarius,Capricorn
4065,Cancer,Virgo
4066,Cancer,Taurus
4067,Aquarius,Scorpio
4069,Capricorn,Pisces
4070,Gemini,Gemini
4071,Leo,Virgo
4072,Cancer,Taurus
4073,Cancer,Libra
4074,Aries,Aries
4076,Aquarius,Cancer
4078,Gemini,Aries
4079,Libra,Leo
4080,Aquarius,Taurus
4082,Cancer,Aries
4083,Scorpio,Scorpio
4084,Scorpio,Gemini
4085,Capricorn,Scorpio
4087,Scorpio,Aries
4088,Sagittarius,Pisces
4089,Aquarius,Sagittarius
4090,Taurus,Leo
4092,Scorpio,Aries
4093,Libra,Leo
4095,Aquarius,Aquarius
4096,Scorpio,Sagittarius
4097,Scorpio,Pisces
4098,Leo,Pisces
4099,Taurus,Pisces
4100,Aquarius,Aquarius
4101,Pisces,Taurus
4102,Gemini,Taurus
4103,Pisces,Sagittarius
4104,Cancer,Sagittarius
4105,Scorpio,Capricorn
4106,Scorpio,Taurus
4107,Scorpio,Pisces
4108,Leo,Sagittarius
4109,Virgo,Gemini
4110,Taurus,Leo
4111,Aquarius,Scorpio
4113,Aquarius,Aries
4114,Aries,Scorpio
4115,Leo,Aquarius
4117,Aquarius,Gemini
4118,Capricorn,Aries
4119,Sagittarius,Cancer
4120,Aquarius,Leo
4121,Pisces,Aquarius
4122,Capricorn,Virgo
4123,Gemini,Cancer
4124,Gemini,Taurus
4125,Capricorn,Leo
4126,Libra,Cancer
4127,Capricorn,Leo
4128,Taurus,Pisces
4129,Aquarius,Leo
4130,Aries,Cancer
4131,Sagittarius,Sagittarius
4132,Pisces,Sagittarius
4133,Leo,Virgo
4134,Aquarius,Aquarius
4135,Sagittarius,Virgo
4136,Leo,Pisces
4137,Scorpio,Libra
4138,Cancer,Virgo
4139,Aries,Taurus
4140,Taurus,Leo
4141,Virgo,Cancer
4142,Gemini,Aries
4143,Pisces,Sagittarius
4144,Libra,Leo
4145,Gemini,Aries
4146,Cancer,Cancer
4147,Gemini,Aquarius
4148,Cancer,Virgo
4150,Cancer,Aries
4151,Scorpio,Capricorn
4152,Cancer,Libra
4154,Taurus,Sagittarius
4155,Gemini,Aries
4156,Taurus,Leo
4157,Taurus,Taurus
4158,Sagittarius,Virgo
4159,Capricorn,Cancer
4160,Aquarius,Aries
4161,Sagittarius,Aquarius
4162,Aquarius,Aquarius
4163,Capricorn,Cancer
4164,Capricorn,Aquarius
4165,Pisces,Scorpio
4166,Capricorn,Leo
4167,Virgo,Virgo
4168,Scorpio,Libra
4169,Sagittarius,Aquarius
4170,Libra,Virgo
4171,Aries,Virgo
4172,Taurus,Capricorn
4174,Virgo,Aquarius
4175,Cancer,Aries
4176,Sagittarius,Scorpio
4177,Aries,Aries
4178,Leo,Libra
4180,Capricorn,Aquarius
4181,Libra,Pisces
4182,Gemini,Gemini
4183,Capricorn,Taurus
4184,Virgo,Libra
4185,Scorpio,Pisces
4186,Pisces,Sagittarius
4187,Sagittarius,Aries
4188,Pisces,Scorpio
4189,Scorpio,Gemini
4190,Virgo,Cancer
4191,Libra,Libra
4192,Cancer,Sagittarius
4193,Aries,Taurus
4194,Leo,Pisces
4195,Scorpio,Virgo
4196,Aquarius,Taurus
4197,Taurus,Leo
4198,Cancer,Leo
4199,Scorpio,Libra
4200,Virgo,Aquarius
4201,Gemini,Libra
4203,Leo,Capricorn
4204,Libra,Aries
4205,Taurus,Gemini
4206,Libra,Taurus
4207,Sagittarius,Aries
4208,Pisces,Pisces
4209,Scorpio,Scorpio
4210,Sagittarius,Scorpio
4211,Gemini,Scorpio
4212,Taurus,Taurus
4213,Virgo,Taurus
4214,Sagittarius,Libra
4215,Capricorn,Virgo
4216,Virgo,Taurus
4217,Leo,Cancer
4218,Cancer,Gemini
4219,Aquarius,Virgo
4220,Taurus,Leo
4221,Virgo,Aries
4222,Sagittarius,Aquarius
4223,Cancer,Libra
4224,Scorpio,Scorpio
4225,Pisces,Aquarius
4226,Taurus,Virgo
4227,Gemini,Taurus
4231,Virgo,Aries
4232,Gemini,Aquarius
4233,Virgo,Virgo
4234,Virgo,Scorpio
4235,Cancer,Cancer
4236,Libra,Aquarius
4237,Virgo,Pisces
4238,Pisces,Capricorn
4239,Sagittarius,Cancer
4240,Taurus,Pisces
4242,Aquarius,Aquarius
4243,Leo,Pisces
4244,Pisces,Virgo
4245,Aquarius,Gemini
4246,Aquarius,Taurus
4247,Cancer,Aquarius
4248,Pisces,Gemini
4250,Aquarius,Aries
4251,Taurus,Leo
4252,Pisces,Leo
4253,Aries,Capricorn
4254,Scorpio,Libra
4255,Cancer,Aries
4256,Gemini,Gemini
4257,Aquarius,Virgo
4258,Gemini,Taurus
4259,Taurus,Libra
4260,Cancer,Cancer
4261,Sagittarius,Virgo
4262,Aquarius,Gemini
4263,Libra,Capricorn
4264,Virgo,Scorpio
4265,Scorpio,Libra
4266,Aquarius,Libra
4267,Aries,Virgo
4269,Taurus,Taurus
4270,Scorpio,Capricorn
4271,Sagittarius,Taurus
4272,Libra,Pisces
4273,Libra,Libra
4274,Capricorn,Sagittarius
4275,Sagittarius,Aries
4276,Libra,Leo
4277,Scorpio,Aries
4280,Capricorn,Cancer
4281,Aries,Libra
4282,Pisces,Sagittarius
4283,Pisces,Virgo
4284,Aries,Leo
4285,Scorpio,Libra
4286,Pisces,Cancer
4287,Pisces,Pisces
4288,Libra,Aries
4289,Sagittarius,Aries
4290,Scorpio,Pisces
4291,Leo,Capricorn
4292,Libra,Cancer
4293,Gemini,Scorpio
4294,Scorpio,Virgo
4295,Virgo,Pisces
4296,Scorpio,Gemini
4297,Cancer,Scorpio
4298,Cancer,Pisces
4299,Aquarius,Scorpio
4300,Cancer,Virgo
4301,Taurus,Scorpio
4302,Cancer,Libra
4303,Pisces,Aries
4304,Pisces,Taurus
4305,Pisces,Cancer
4306,Aquarius,Cancer
4307,Aquarius,Capricorn
4308,Cancer,Aquarius
4309,Aquarius,Cancer
4310,Libra,Aquarius
4311,Scorpio,Sagittarius
4312,Libra,Libra
4313,Capricorn,Virgo
4314,Sagittarius,Capricorn
4315,Virgo,Virgo
4316,Libra,Aquarius
4317,Scorpio,Pisces
4319,Libra,Taurus
4320,Aries,Capricorn
4321,Capricorn,Taurus
4322,Capricorn,Gemini
4323,Aquarius,Taurus
4324,Virgo,Pisces
4325,Gemini,Cancer
4326,Sagittarius,Pisces
4327,Libra,Aries
4328,Aquarius,Scorpio
4329,Aries,Aries
4331,Scorpio,Virgo
4332,Pisces,Taurus
4333,Gemini,Aquarius
4334,Cancer,Pisces
4335,Sagittarius,Aries
4336,Gemini,Sagittarius
4337,Cancer,Gemini
4338,Taurus,Cancer
4339,Taurus,Sagittarius
4340,Gemini,Leo
4341,Cancer,Pisces
4342,Virgo,Capricorn
4343,Gemini,Aquarius
4344,Sagittarius,Taurus
4345,Gemini,Libra
4346,Capricorn,Aries
4347,Scorpio,Virgo
4348,Aquarius,Virgo
4349,Cancer,Sagittarius
4350,Aries,Leo
4351,Gemini,Capricorn
4352,Gemini,Virgo
4353,Gemini,Libra
4354,Aquarius,Pisces
4355,Pisces,Capricorn
4356,Gemini,Sagittarius
4357,Capricorn,Capricorn
4358,Gemini,Aquarius
4359,Sagittarius,Scorpio
4360,Taurus,Gemini
4361,Capricorn,Leo
4362,Taurus,Virgo
4363,Aries,Virgo
4364,Sagittarius,Aries
4365,Aries,Capricorn
4366,Gemini,Leo
4368,Scorpio,Scorpio
4369,Pisces,Pisces
4370,Sagittarius,Taurus
4371,Libra,Sagittarius
4372,Taurus,Aries
4373,Libra,Sagittarius
4375,Libra,Scorpio
4377,Taurus,Gemini
4379,Libra,Cancer
4381,Gemini,Capricorn
4382,Capricorn,Sagittarius
4383,Aquarius,Scorpio
4384,Gemini,Aquarius
4386,Virgo,Sagittarius
4387,Pisces,Gemini
4388,Cancer,Taurus
4389,Scorpio,Aquarius
4390,Pisces,Scorpio
4391,Leo,Sagittarius
4393,Capricorn,Pisces
4394,Sagittarius,Aquarius
4395,Virgo,Gemini
4396,Gemini,Cancer
4397,Taurus,Leo
4398,Taurus,Aquarius
4399,Taurus,Aries
4400,Aquarius,Aquarius
4401,Capricorn,Aquarius
4402,Scorpio,Sagittarius
4403,Aries,Capricorn
4404,Cancer,Libra
4405,Leo,Capricorn
4406,Capricorn,Gemini
4407,Virgo,Libra
4408,Leo,Gemini
4409,Cancer,Libra
4410,Aquarius,Leo
4411,Gemini,Taurus
4412,Aries,Sagittarius
4413,Libra,Cancer
4414,Taurus,Cancer
4415,Capricorn,Sagittarius
4416,Leo,Taurus
4417,Aquarius,Sagittarius
4418,Sagittarius,Libra
4419,Aries,Pisces
4420,Leo,Sagittarius
4421,Aquarius,Gemini
4422,Sagittarius,Pisces
4423,Sagittarius,Aries
4424,Gemini,Aries
4425,Scorpio,Aries
4427,Pisces,Cancer
4428,Aries,Scorpio
4429,Aries,Sagittarius
4430,Pisces,Libra
4431,Leo,Cancer
4433,Pisces,Leo
4434,Aquarius,Aries
4435,Gemini,Virgo
4436,Sagittarius,Capricorn
4437,Cancer,Libra
4438,Pisces,Sagittarius
4439,Virgo,Libra
4440,Virgo,Cancer
4441,Libra,Virgo
4442,Sagittarius,Taurus
4444,Aquarius,Sagittarius
4445,Pisces,Pisces
4446,Aquarius,Scorpio
4447,Pisces,Libra
4448,Aries,Capricorn
4449,Taurus,Scorpio
4450,Cancer,Aquarius
4452,Virgo,Capricorn
4453,Aries,Capricorn
4454,Libra,Leo
4455,Sagittarius,Aries
4456,Sagittarius,Libra
4457,Taurus,Scorpio
4458,Leo,Capricorn
4459,Taurus,Capricorn
4460,Capricorn,Taurus
4461,Sagittarius,Taurus
4462,Leo,Scorpio
4463,Virgo,Taurus
4464,Virgo,Gemini
4465,Capricorn,Cancer
4466,Cancer,Libra
4467,Aquarius,Taurus
4469,Capricorn,Libra
4470,Taurus,Scorpio
4471,Aquarius,Leo
4472,Scorpio,Leo
4473,Sagittarius,Gemini
4474,Aquarius,Pisces
4475,Virgo,Pisces
4476,Gemini,Aquarius
4477,Capricorn,Scorpio
4478,Leo,Taurus
4480,Aquarius,Aquarius
4481,Taurus,Scorpio
4482,Sagittarius,Capricorn
4483,Aquarius,Libra
4484,Sagittarius,Virgo
4485,Virgo,Gemini
4486,Virgo,Pisces
4487,Scorpio,Scorpio
4488,Capricorn,Pisces
4489,Scorpio,Capricorn
4490,Sagittarius,Scorpio
4491,Scorpio,Pisces
4492,Gemini,Scorpio
4493,Leo,Scorpio
4494,Pisces,Aquarius
4495,Scorpio,Scorpio
4496,Gemini,Leo
4498,Virgo,Leo
4499,Gemini,Cancer
4500,Scorpio,Virgo
4501,Capricorn,Gemini
4502,Leo,Gemini
4503,Sagittarius,Sagittarius
4504,Gemini,Leo
4505,Scorpio,Aquarius
4506,Scorpio,Aquarius
4507,Taurus,Gemini
4508,Scorpio,Aries
4509,Pisces,Scorpio
4511,Aries,Leo
4513,Gemini,Capricorn
4514,Cancer,Libra
4515,Sagittarius,Gemini
4516,Pisces,Sagittarius
4517,Sagittarius,Scorpio
4519,Scorpio,Taurus
4520,Leo,Aries
4522,Taurus,Cancer
4523,Pisces,Sagittarius
4524,Sagittarius,Gemini
4525,Aries,Virgo
4526,Capricorn,Aries
4527,Virgo,Taurus
4528,Capricorn,Scorpio
4529,Cancer,Libra
4530,Scorpio,Leo
4532,Capricorn,Scorpio
4533,Sagittarius,Pisces
4534,Gemini,Aquarius
4535,Sagittarius,Scorpio
4536,Scorpio,Aquarius
4537,Scorpio,Aries
4538,Capricorn,Leo
4539,Leo,Libra
4540,Aquarius,Gemini
4541,Pisces,Aquarius
4542,Aries,Aquarius
4543,Aquarius,Cancer
4544,Aries,Capricorn
4545,Libra,Leo
4546,Taurus,Scorpio
4547,Aries,Libra
4548,Aquarius,Cancer
4549,Aries,Scorpio
4550,Libra,Virgo
4551,Leo,Aries
4552,Sagittarius,Taurus
4553,Capricorn,Leo
4554,Leo,Scorpio
4555,Scorpio,Aquarius
4556,Pisces,Aquarius
4557,Cancer,Pisces
4558,Scorpio,Taurus
4559,Pisces,Virgo
4560,Pisces,Capricorn
4561,Cancer,Libra
4562,Aries,Virgo
4563,Aries,Aquarius
4564,Virgo,Virgo
4565,Aries,Virgo
4566,Scorpio,Pisces
4568,Gemini,Capricorn
4569,Capricorn,Gemini
4570,Sagittarius,Taurus
4571,Sagittarius,Virgo
4572,Libra,Taurus
4573,Leo,Cancer
4574,Cancer,Cancer
4575,Aries,Pisces
4576,Aries,Pisces
4577,Leo,Virgo
4578,Virgo,Pisces
4579,Gemini,Aquarius
4580,Taurus,Capricorn
4581,Cancer,Scorpio
4582,Leo,Capricorn
4583,Cancer,Scorpio
4584,Pisces,Leo
4585,Aries,Sagittarius
4586,Sagittarius,Taurus
4587,Cancer,Sagittarius
4588,Aquarius,Cancer
4590,Capricorn,Leo
4591,Libra,Aries
4592,Aquarius,Gemini
4593,Cancer,Scorpio
4594,Leo,Libra
4595,Virgo,Aquarius
4596,Cancer,Aquarius
4597,Aries,Scorpio
4598,Cancer,Sagittarius
4599,Leo,Sagittarius
4600,Gemini,Sagittarius
4601,Capricorn,Cancer
4602,Aries,Virgo
4604,Libra,Capricorn
4605,Sagittarius,Pisces
4606,Capricorn,Leo
4607,Libra,Capricorn
4609,Aries,Libra
4610,Gemini,Gemini
4611,Sagittarius,Cancer
4612,Pisces,Aquarius
4613,Aries,Capricorn
4614,Pisces,Taurus
4615,Leo,Leo
4616,Aries,Sagittarius
4617,Cancer,Aquarius
4618,Pisces,Leo
4619,Leo,Scorpio
4620,Cancer,Scorpio
4621,Cancer,Scorpio
4622,Scorpio,Taurus
4623,Virgo,Aquarius
4624,Aquarius,Aquarius
4625,Libra,Libra
4626,Taurus,Libra
4627,Cancer,Pisces
4628,Aquarius,Aries
4629,Cancer,Taurus
4630,Sagittarius,Pisces
4631,Leo,Leo
4632,Taurus,Capricorn
4633,Gemini,Libra
4634,Scorpio,Libra
4635,Virgo,Taurus
4636,Capricorn,Gemini
4637,Gemini,Gemini
4638,Virgo,Libra
4639,Scorpio,Aries
4640,Capricorn,Aquarius
4641,Capricorn,Libra
4642,Taurus,Sagittarius
4643,Aries,Libra
4644,Scorpio,Taurus
4645,Gemini,Gemini
4646,Gemini,Aquarius
4647,Pisces,Scorpio
4648,Sagittarius,Scorpio
4651,Libra,Aquarius
4652,Capricorn,Cancer
4653,Sagittarius,Virgo
4654,Virgo,Sagittarius
4655,Sagittarius,Leo
4656,Scorpio,Sagittarius
4657,Sagittarius,Gemini
4658,Gemini,Cancer
4659,Virgo,Sagittarius
4660,Libra,Leo
4661,Pisces,Scorpio
4662,Capricorn,Leo
4664,Virgo,Cancer
4665,Aries,Aquarius
4666,Sagittarius,Libra
4667,Aquarius,Pisces
4668,Pisces,Aries
4669,Leo,Capricorn
4670,Gemini,Pisces
4671,Scorpio,Scorpio
4672,Gemini,Scorpio
4673,Taurus,Sagittarius
4674,Leo,Sagittarius
4675,Libra,Taurus
4677,Capricorn,Pisces
4678,Pisces,Capricorn
4679,Libra,Virgo
4680,Sagittarius,Taurus
4682,Aquarius,Aquarius
4685,Taurus,Pisces
4686,Aries,Sagittarius
4687,Aquarius,Aquarius
4688,Gemini,Leo
4689,Aries,Aries
4691,Virgo,Cancer
4692,Aquarius,Aquarius
4693,Libra,Pisces
4694,Virgo,Capricorn
4695,Libra,Pisces
4696,Virgo,Libra
4697,Pisces,Taurus
4698,Aquarius,Cancer
4699,Pisces,Pisces
4700,Aries,Leo
4701,Sagittarius,Gemini
4702,Sagittarius,Aquarius
4703,Virgo,Aquarius
4704,Leo,Libra
4705,Gemini,Libra
4706,Gemini,Taurus
4707,Sagittarius,Virgo
4708,Scorpio,Pisces
4710,Aquarius,Cancer
4711,Scorpio,Capricorn
4712,Virgo,Gemini
4713,Leo,Aries
4714,Pisces,Cancer
4715,Virgo,Leo
4717,Virgo,Taurus
4718,Libra,Taurus
4719,Scorpio,Aries
4720,Libra,Taurus
4721,Aquarius,Leo
4722,Gemini,Taurus
4724,Virgo,Libra
4725,Sagittarius,Libra
4726,Scorpio,Capricorn
4727,Scorpio,Pisces
4728,Capricorn,Scorpio
4729,Cancer,Pisces
4730,Taurus,Pisces
4731,Sagittarius,Pisces
4732,Aries,Leo
4733,Capricorn,Sagittarius
4734,Sagittarius,Capricorn
4736,Taurus,Gemini
4737,Aquarius,Virgo
4738,Taurus,Pisces
4739,Libra,Pisces
4740,Gemini,Leo
4741,Gemini,Virgo
4742,Gemini,Virgo
4743,Scorpio,Virgo
4744,Pisces,Aries
4745,Aquarius,Capricorn
4746,Sagittarius,Libra
4747,Scorpio,Virgo
4748,Virgo,Pisces
4749,Gemini,Libra
4750,Libra,Virgo
4751,Sagittarius,Sagittarius
4752,Pisces,Cancer
4753,Gemini,Pisces
4754,Libra,Libra
4755,Aries,Pisces
4756,Pisces,Sagittarius
4757,Sagittarius,Aquarius
4758,Pisces,Capricorn
4759,Aries,Scorpio
4760,Libra,Taurus
4761,Gemini,Capricorn
4762,Libra,Sagittarius
4763,Virgo,Gemini
4764,Aquarius,Capricorn
4765,Taurus,Aquarius
4766,Leo,Aries
4767,Taurus,Sagittarius
4768,Leo,Sagittarius
4769,Virgo,Pisces
4770,Aquarius,Gemini
4771,Taurus,Leo
4772,Taurus,Scorpio
4773,Capricorn,Aries
4774,Aries,Taurus
4775,Libra,Taurus
4776,Taurus,Virgo
4779,Scorpio,Aquarius
4780,Gemini,Aquarius
4782,Scorpio,Libra
4783,Capricorn,Pisces
4784,Aries,Cancer
4785,Scorpio,Virgo
4786,Taurus,Aquarius
4787,Aquarius,Aries
4788,Pisces,Aquarius
4789,Capricorn,Aquarius
4790,Aquarius,Libra
4791,Taurus,Libra
4792,Virgo,Virgo
4793,Aries,Taurus
4794,Leo,Aries
4795,Leo,Aquarius
4796,Taurus,Sagittarius
4797,Taurus,Taurus
4798,Virgo,Pisces
4799,Pisces,Aries
4800,Aquarius,Taurus
4801,Cancer,Leo
4802,Cancer,Aries
4804,Aquarius,Taurus
4805,Scorpio,Cancer
4806,Pisces,Pisces
4807,Cancer,Gemini
4808,Leo,Libra
4809,Gemini,Virgo
4810,Leo,Pisces
4811,Virgo,Sagittarius
4812,Virgo,Cancer
4813,Sagittarius,Libra
4815,Cancer,Pisces
4816,Gemini,Taurus
4817,Taurus,Capricorn
4818,Libra,Aquarius
4819,Libra,Scorpio
4820,Aquarius,Libra
4821,Aquarius,Sagittarius
4823,Aries,Virgo
4824,Libra,Libra
4825,Pisces,Aries
4827,Capricorn,Taurus
4828,Virgo,Capricorn
4829,Gemini,Aries
4830,Capricorn,Pisces
4831,Virgo,Cancer
4834,Virgo,Scorpio
4835,Gemini,Gemini
4836,Pisces,Aries
4837,Aries,Capricorn
4838,Aries,Pisces
4839,Pisces,Taurus
4840,Pisces,Scorpio
4841,Taurus,Pisces
4844,Leo,Pisces
4845,Leo,Scorpio
4846,Leo,Aquarius
4847,Capricorn,Libra
4848,Taurus,Scorpio
4852,Pisces,Pisces
4853,Aquarius,Aries
4854,Cancer,Libra
4855,Virgo,Aquarius
4856,Sagittarius,Leo
4857,Libra,Scorpio
4858,Aquarius,Gemini
4859,Scorpio,Scorpio
4860,Libra,Scorpio
4861,Virgo,Pisces
4862,Sagittarius,Virgo
4863,Libra,Aries
4864,Leo,Cancer
4866,Leo,Virgo
4867,Leo,Cancer
4868,Virgo,Virgo
4869,Taurus,Leo
4870,Virgo,Pisces
4871,Leo,Cancer
4873,Taurus,Aries
4874,Taurus,Capricorn
4875,Aries,Aquarius
4876,Aquarius,Aries
4878,Gemini,Scorpio
4880,Taurus,Virgo
4881,Taurus,Gemini
4882,Gemini,Capricorn
4883,Aries,Sagittarius
4884,Aquarius,Aries
4885,Taurus,Virgo
4886,Gemini,Aquarius
4888,Pisces,Taurus
4889,Capricorn,Gemini
4890,Sagittarius,Gemini
4891,Taurus,Virgo
4892,Capricorn,Sagittarius
4893,Libra,Aries
4894,Sagittarius,Capricorn
4895,Taurus,Aquarius
4896,Cancer,Libra
4897,Aquarius,Sagittarius
4899,Sagittarius,Cancer
4900,Capricorn,Pisces
4901,Pisces,Cancer
4902,Scorpio,Leo
4903,Capricorn,Sagittarius
4904,Sagittarius,Capricorn
4905,Aries,Aries
4906,Leo,Capricorn
4907,Scorpio,Leo
4908,Scorpio,Gemini
4909,Sagittarius,Cancer
4911,Taurus,Cancer
4912,Sagittarius,Virgo
4913,Virgo,Cancer
4914,Pisces,Taurus
4915,Pisces,Capricorn
4917,Virgo,Sagittarius
4918,Scorpio,Sagittarius
4919,Libra,Virgo
4920,Scorpio,Aquarius
4921,Cancer,Aquarius
4922,Cancer,Aquarius
