,zodiac1,zodiac2,divorce
22554,Scorpio,Aries,0
12203,Aquarius,Gemini,0
17722,Taurus,Virgo,0
7319,Scorpio,Gemini,0
21310,Taurus,Gemini,0
15208,Aries,Capricorn,0
9178,Libra,Aries,0
1590,Virgo,Taurus,0
13254,Aquarius,Sagittarius,0
10454,Aries,Gemini,0
17245,Sagittarius,Sagittarius,0
9288,Cancer,Leo,0
17554,Aries,Capricorn,0
195,Aries,Leo,0
5484,Leo,Gemini,0
1187,Libra,Aries,0
5150,Sagittarius,Capricorn,0
2854,Aries,Capricorn,0
19682,Cancer,Taurus,0
18450,Pisces,Libra,0
14586,Pisces,Aquarius,0
9306,Sagittarius,Sagittarius,0
23945,Aquarius,Cancer,0
76,Virgo,Taurus,0
3427,Libra,Sagittarius,0
21638,Leo,Sagittarius,0
1960,Leo,Scorpio,0
19744,Pisces,Aries,0
1920,Cancer,Pisces,0
22109,Cancer,Gemini,0
224,Virgo,Leo,0
6887,Libra,Libra,0
17008,Pisces,Aries,0
18242,Aries,Virgo,0
16767,Leo,Taurus,0
5461,Taurus,Leo,0
3924,Scorpio,Taurus,0
2646,Aries,Virgo,0
466,Libra,Scorpio,0
12798,Cancer,Cancer,0
20996,Aquarius,Cancer,0
8830,Pisces,Gemini,0
1672,Virgo,Sagittarius,0
10245,Leo,Aquarius,0
12401,Sagittarius,Scorpio,0
15877,Scorpio,Leo,0
7,Libra,Capricorn,0
12237,Taurus,Cancer,0
1874,Pisces,Cancer,0
8708,Aries,Virgo,0
15473,Taurus,Leo,0
2280,Virgo,Gemini,0
151,Aquarius,Gemini,0
11800,Cancer,Scorpio,0
4267,Leo,Taurus,0
15638,Virgo,Libra,0
7661,Leo,Libra,0
10410,Virgo,Capricorn,0
16803,Leo,Taurus,0
22418,Leo,Capricorn,0
5143,Taurus,Leo,0
23645,Scorpio,Taurus,0
12914,Scorpio,Sagittarius,0
6794,Taurus,Cancer,0
1838,Gemini,Leo,0
18241,Pisces,Leo,0
7173,Leo,Taurus,0
17078,Libra,Taurus,0
20811,Pisces,Libra,0
6183,Aries,Sagittarius,0
100,Cancer,Gemini,0
14070,Pisces,Cancer,0
7381,Capricorn,Taurus,0
24640,Aries,Scorpio,0
23159,Aquarius,Aries,0
3069,Gemini,Virgo,0
14495,Pisces,Aries,0
20773,Capricorn,Leo,0
23596,Scorpio,Sagittarius,0
18021,Taurus,Capricorn,0
1809,Cancer,Virgo,0
18592,Virgo,Leo,0
4064,Cancer,Gemini,0
8913,Gemini,Libra,0
3223,Aquarius,Aries,0
22291,Sagittarius,Aries,0
18395,Aries,Leo,0
22586,Aquarius,Aquarius,0
18259,Libra,Taurus,0
1003,Aries,Libra,0
21092,Scorpio,Taurus,0
14325,Cancer,Aries,0
14132,Capricorn,Taurus,0
12114,Libra,Pisces,0
7864,Leo,Taurus,0
14642,Pisces,Pisces,0
16277,Aquarius,Cancer,0
3469,Scorpio,Virgo,0
7759,Virgo,Taurus,0
13495,Sagittarius,Scorpio,0
7021,Libra,Leo,0
11315,Gemini,Libra,0
8868,Pisces,Virgo,0
22059,Virgo,Virgo,0
20246,Gemini,Capricorn,0
1199,Aries,Leo,0
1460,Capricorn,Pisces,0
17600,Libra,Aquarius,0
17477,Sagittarius,Cancer,0
21928,Virgo,Capricorn,0
22704,Pisces,Aries,0
20540,Libra,Gemini,0
2623,Libra,Cancer,0
8869,Taurus,Pisces,0
11459,Scorpio,Taurus,0
13438,Scorpio,Virgo,0
10136,Gemini,Leo,0
19381,Aries,Virgo,0
10767,Capricorn,Virgo,0
15212,Scorpio,Pisces,0
17696,Taurus,Libra,0
5608,Gemini,Scorpio,0
5431,Leo,Pisces,0
12283,Taurus,Pisces,0
12007,Sagittarius,Cancer,0
19263,Virgo,Aries,0
15991,Leo,Virgo,0
6435,Taurus,Cancer,0
14388,Aries,Scorpio,0
23177,Leo,Scorpio,0
242,Taurus,Taurus,0
24201,Scorpio,Cancer,0
4070,Cancer,Scorpio,0
17136,Aquarius,Gemini,0
7701,Sagittarius,Gemini,0
6363,Pisces,Capricorn,0
6647,Virgo,Gemini,0
19186,Gemini,Leo,0
22172,Virgo,Gemini,0
4545,Aries,Gemini,0
2348,Scorpio,Aries,0
12924,Pisces,Leo,0
24417,Pisces,Gemini,0
567,Gemini,Aquarius,0
22006,Gemini,Aries,0
16292,Pisces,Aquarius,0
22926,Virgo,Virgo,0
13800,Taurus,Aquarius,0
8998,Taurus,Cancer,0
1023,Leo,Scorpio,0
14439,Aquarius,Libra,0
2131,Aquarius,Aquarius,0
22134,Cancer,Scorpio,0
24125,Virgo,Gemini,0
4142,Libra,Gemini,0
11878,Pisces,Aquarius,0
23999,Scorpio,Taurus,0
19395,Taurus,Virgo,0
1859,Aquarius,Libra,0
12575,Scorpio,Leo,0
5341,Pisces,Pisces,0
14659,Leo,Cancer,0
23552,Aries,Sagittarius,0
16653,Virgo,Sagittarius,0
7829,Pisces,Leo,0
10992,Sagittarius,Sagittarius,0
10522,Leo,Leo,0
11056,Cancer,Capricorn,0
12044,Sagittarius,Taurus,0
1154,Aquarius,Sagittarius,0
14035,Libra,Sagittarius,0
13816,Virgo,Scorpio,0
21202,Pisces,Taurus,0
9977,Cancer,Scorpio,0
19295,Libra,Taurus,0
1206,Libra,Libra,0
13737,Virgo,Scorpio,0
10266,Libra,Aries,0
4443,Gemini,Virgo,0
8124,Scorpio,Gemini,0
14885,Gemini,Scorpio,0
5000,Leo,Scorpio,0
18567,Scorpio,Libra,0
4060,Capricorn,Libra,0
11641,Taurus,Virgo,0
16060,Gemini,Leo,0
17253,Aries,Capricorn,0
6976,Capricorn,Gemini,0
628,Pisces,Capricorn,0
24369,Leo,Leo,0
11510,Leo,Aquarius,0
8820,Virgo,Scorpio,0
9687,Libra,Leo,0
7333,Gemini,Leo,0
6757,Leo,Pisces,0
21005,Cancer,Aquarius,0
20182,Taurus,Sagittarius,0
9842,Pisces,Aries,0
12001,Scorpio,Pisces,0
16904,Libra,Aries,0
12236,Pisces,Scorpio,0
13879,Gemini,Aries,0
24672,Aries,Pisces,0
24122,Aquarius,Virgo,0
6875,Sagittarius,Taurus,0
13271,Leo,Aries,0
688,Pisces,Virgo,0
966,Gemini,Virgo,0
13195,Virgo,Cancer,0
8741,Cancer,Taurus,0
6152,Libra,Virgo,0
23099,Scorpio,Virgo,0
1338,Virgo,Gemini,0
12340,Leo,Libra,0
7517,Aquarius,Libra,0
10104,Cancer,Taurus,0
23033,Leo,Aries,0
15340,Libra,Leo,0
24350,Scorpio,Virgo,0
1769,Virgo,Aquarius,0
19511,Sagittarius,Libra,0
9400,Gemini,Virgo,0
2847,Scorpio,Aquarius,0
2026,Taurus,Aries,0
6950,Pisces,Aries,0
3612,Aries,Scorpio,0
10554,Taurus,Aries,0
19736,Scorpio,Sagittarius,0
20405,Cancer,Pisces,0
13786,Aries,Scorpio,0
4396,Sagittarius,Libra,0
20424,Taurus,Aries,0
23470,Sagittarius,Pisces,0
16625,Aries,Aquarius,0
15223,Aries,Capricorn,0
15965,Virgo,Gemini,0
14956,Virgo,Aries,0
10770,Taurus,Taurus,0
22823,Scorpio,Sagittarius,0
1211,Leo,Scorpio,0
24675,Sagittarius,Sagittarius,0
19610,Scorpio,Leo,0
17829,Leo,Gemini,0
542,Aries,Gemini,0
6741,Capricorn,Aquarius,0
20872,Aries,Sagittarius,0
2352,Virgo,Libra,0
21600,Cancer,Libra,0
10836,Aquarius,Gemini,0
17167,Sagittarius,Pisces,0
16773,Gemini,Scorpio,0
23395,Cancer,Sagittarius,0
5929,Capricorn,Taurus,0
22148,Aries,Aquarius,0
10371,Aries,Pisces,0
3222,Gemini,Sagittarius,0
6428,Aries,Gemini,0
18593,Pisces,Scorpio,0
18519,Cancer,Cancer,0
9541,Virgo,Virgo,0
12279,Capricorn,Libra,0
22779,Scorpio,Virgo,0
4880,Libra,Scorpio,0
11549,Aries,Capricorn,0
21360,Leo,Virgo,0
18406,Pisces,Pisces,0
13452,Scorpio,Virgo,0
9979,Aries,Capricorn,0
9345,Pisces,Aries,0
696,Libra,Cancer,0
7117,Capricorn,Virgo,0
16841,Cancer,Scorpio,0
2833,Leo,Aquarius,0
13751,Capricorn,Virgo,0
20990,Leo,Taurus,0
22720,Aquarius,Pisces,0
9372,Virgo,Cancer,0
8289,Pisces,Pisces,0
24366,Gemini,Libra,0
108,Capricorn,Gemini,0
14548,Taurus,Libra,0
24352,Aquarius,Gemini,0
9734,Leo,Libra,0
1571,Libra,Scorpio,0
5532,Libra,Cancer,0
20560,Aries,Aquarius,0
18163,Pisces,Leo,0
2821,Pisces,Leo,0
11294,Aries,Aquarius,0
16621,Aquarius,Virgo,0
22680,Taurus,Sagittarius,0
6914,Libra,Cancer,0
21987,Aries,Leo,0
23314,Virgo,Pisces,0
3700,Sagittarius,Aries,0
6049,Aquarius,Pisces,0
8601,Leo,Virgo,0
12205,Taurus,Libra,0
1328,Sagittarius,Cancer,0
20936,Pisces,Sagittarius,0
20536,Aquarius,Aries,0
10839,Aries,Libra,0
16744,Taurus,Virgo,0
8008,Aries,Taurus,0
24254,Pisces,Libra,0
17045,Pisces,Aquarius,0
10670,Aquarius,Cancer,0
11284,Aquarius,Taurus,0
9191,Virgo,Cancer,0
2977,Capricorn,Aquarius,0
2421,Taurus,Libra,0
21959,Gemini,Pisces,0
21497,Capricorn,Virgo,0
9212,Leo,Capricorn,0
15777,Sagittarius,Capricorn,0
13439,Virgo,Aquarius,0
3396,Cancer,Scorpio,0
18138,Virgo,Sagittarius,0
3765,Cancer,Cancer,0
2098,Leo,Virgo,0
315,Gemini,Leo,0
7704,Capricorn,Gemini,0
13528,Pisces,Cancer,0
10541,Taurus,Scorpio,0
10983,Capricorn,Libra,0
14448,Virgo,Aries,0
12944,Aquarius,Gemini,0
18298,Aries,Gemini,0
10468,Scorpio,Libra,0
22907,Leo,Virgo,0
9378,Leo,Taurus,0
3171,Scorpio,Gemini,0
5267,Cancer,Gemini,0
18328,Leo,Sagittarius,0
16393,Pisces,Gemini,0
18056,Gemini,Gemini,0
1902,Leo,Gemini,0
2064,Aries,Leo,0
9673,Taurus,Scorpio,0
4161,Scorpio,Aries,0
17269,Aries,Virgo,0
15183,Taurus,Virgo,0
16595,Leo,Aquarius,0
2261,Capricorn,Leo,0
15466,Capricorn,Pisces,0
5588,Libra,Leo,0
2816,Aries,Aquarius,0
12646,Libra,Leo,0
15941,Leo,Aquarius,0
22709,Virgo,Capricorn,0
22373,Gemini,Virgo,0
9602,Capricorn,Leo,0
15027,Sagittarius,Scorpio,0
7132,Scorpio,Leo,0
17879,Taurus,Libra,0
11994,Virgo,Cancer,0
20133,Cancer,Scorpio,0
4459,Cancer,Scorpio,0
12905,Scorpio,Aries,0
13499,Cancer,Pisces,0
9423,Aries,Virgo,0
11975,Gemini,Scorpio,0
7791,Gemini,Virgo,0
11653,Pisces,Capricorn,0
6101,Sagittarius,Gemini,0
8555,Gemini,Aquarius,0
21770,Sagittarius,Sagittarius,0
7742,Cancer,Capricorn,0
14434,Capricorn,Capricorn,0
10314,Sagittarius,Capricorn,0
7310,Aquarius,Virgo,0
21231,Libra,Leo,0
21695,Capricorn,Libra,0
21914,Libra,Pisces,0
12445,Aquarius,Aries,0
7768,Virgo,Virgo,0
16594,Pisces,Leo,0
24554,Capricorn,Virgo,0
15123,Cancer,Pisces,0
570,Scorpio,Sagittarius,0
11125,Capricorn,Aquarius,0
2946,Scorpio,Capricorn,0
21458,Sagittarius,Cancer,0
14315,Sagittarius,Pisces,0
18405,Virgo,Aries,0
9419,Scorpio,Aries,0
10613,Leo,Leo,0
6232,Scorpio,Libra,0
6536,Virgo,Capricorn,0
18689,Pisces,Libra,0
6333,Libra,Pisces,0
8067,Virgo,Leo,0
20712,Gemini,Taurus,0
3068,Gemini,Pisces,0
1962,Leo,Aquarius,0
4754,Virgo,Leo,0
22687,Virgo,Libra,0
251,Taurus,Gemini,0
21355,Sagittarius,Pisces,0
4759,Cancer,Pisces,0
23624,Virgo,Leo,0
14986,Gemini,Scorpio,0
13434,Capricorn,Leo,0
13532,Cancer,Virgo,0
937,Aquarius,Virgo,0
11742,Gemini,Libra,0
12352,Gemini,Aries,0
711,Virgo,Capricorn,0
10993,Aquarius,Cancer,0
23874,Leo,Aries,0
23132,Aries,Libra,0
11065,Leo,Aquarius,0
18461,Aquarius,Pisces,0
14977,Scorpio,Aries,0
1200,Aries,Scorpio,0
11146,Scorpio,Scorpio,0
13945,Aries,Sagittarius,0
4229,Libra,Taurus,0
455,Libra,Libra,0
11212,Virgo,Aquarius,0
8094,Scorpio,Sagittarius,0
23940,Libra,Gemini,0
9653,Cancer,Aquarius,0
17659,Scorpio,Leo,0
652,Cancer,Pisces,0
20919,Sagittarius,Aries,0
15533,Aries,Leo,0
12051,Cancer,Sagittarius,0
21761,Sagittarius,Taurus,0
1938,Leo,Capricorn,0
22314,Leo,Gemini,0
12684,Scorpio,Libra,0
6338,Cancer,Taurus,0
24520,Pisces,Virgo,0
19520,Scorpio,Cancer,0
20312,Libra,Libra,0
6059,Scorpio,Cancer,0
23833,Cancer,Cancer,0
19579,Scorpio,Scorpio,0
1089,Pisces,Leo,0
11678,Scorpio,Virgo,0
5813,Libra,Libra,0
23435,Capricorn,Aquarius,0
8905,Aries,Capricorn,0
12574,Capricorn,Gemini,0
16179,Virgo,Scorpio,0
20135,Leo,Gemini,0
15810,Gemini,Capricorn,0
21704,Aries,Scorpio,0
12998,Libra,Cancer,0
5003,Cancer,Sagittarius,0
14679,Aquarius,Libra,0
3207,Scorpio,Taurus,0
3224,Libra,Aries,0
1886,Cancer,Pisces,0
6670,Gemini,Capricorn,0
10029,Aries,Taurus,0
16856,Aquarius,Sagittarius,0
2742,Libra,Libra,0
3402,Gemini,Pisces,0
11102,Pisces,Libra,0
18840,Leo,Scorpio,0
5474,Scorpio,Gemini,0
21145,Pisces,Gemini,0
3111,Leo,Aquarius,0
19268,Pisces,Leo,0
23136,Capricorn,Capricorn,0
23902,Libra,Leo,0
16011,Scorpio,Taurus,0
4555,Sagittarius,Leo,0
2206,Cancer,Sagittarius,0
23092,Virgo,Cancer,0
20320,Taurus,Scorpio,0
20031,Leo,Pisces,0
18186,Sagittarius,Cancer,0
4580,Capricorn,Sagittarius,0
13088,Pisces,Sagittarius,0
9907,Capricorn,Aquarius,0
24676,Aquarius,Cancer,0
10519,Virgo,Gemini,0
19250,Taurus,Virgo,0
22805,Cancer,Leo,0
19010,Scorpio,Aquarius,0
21945,Virgo,Gemini,0
15951,Cancer,Scorpio,0
11301,Libra,Sagittarius,0
429,Capricorn,Libra,0
19218,Aries,Capricorn,0
18146,Sagittarius,Aquarius,0
5049,Leo,Libra,0
13162,Gemini,Gemini,0
19794,Leo,Cancer,0
10803,Pisces,Gemini,0
4765,Aries,Sagittarius,0
21836,Aquarius,Virgo,0
17138,Sagittarius,Aquarius,0
20397,Aquarius,Virgo,0
17109,Leo,Leo,0
11755,Scorpio,Cancer,0
5805,Pisces,Taurus,0
16676,Leo,Sagittarius,0
14916,Sagittarius,Virgo,0
17511,Aquarius,Leo,0
13343,Gemini,Cancer,0
19037,Scorpio,Libra,0
1671,Libra,Scorpio,0
21010,Leo,Scorpio,0
23877,Scorpio,Gemini,0
13585,Leo,Scorpio,0
2584,Aries,Virgo,0
6323,Libra,Capricorn,0
16425,Leo,Sagittarius,0
1378,Cancer,Taurus,0
15376,Capricorn,Sagittarius,0
8445,Pisces,Libra,0
615,Virgo,Sagittarius,0
18709,Scorpio,Aquarius,0
442,Gemini,Scorpio,0
751,Taurus,Taurus,0
6414,Libra,Aquarius,0
15743,Scorpio,Scorpio,0
16464,Libra,Taurus,0
21540,Capricorn,Pisces,0
16415,Sagittarius,Libra,0
11352,Libra,Taurus,0
13837,Aquarius,Capricorn,0
14617,Gemini,Libra,0
3137,Aquarius,Virgo,0
16714,Pisces,Pisces,0
22187,Leo,Libra,0
23362,Cancer,Virgo,0
9007,Leo,Libra,0
21155,Leo,Sagittarius,0
16944,Scorpio,Aquarius,0
1706,Taurus,Libra,0
5975,Libra,Scorpio,0
5427,Aquarius,Sagittarius,0
548,Gemini,Aries,0
21384,Aries,Libra,0
6733,Aquarius,Libra,0
20015,Capricorn,Pisces,0
6378,Taurus,Scorpio,0
3637,Virgo,Sagittarius,0
12967,Gemini,Sagittarius,0
16207,Taurus,Taurus,0
17406,Cancer,Leo,0
16590,Leo,Taurus,0
10569,Capricorn,Leo,0
15833,Taurus,Pisces,0
8787,Libra,Virgo,0
17393,Cancer,Cancer,0
7332,Cancer,Taurus,0
21048,Aries,Cancer,0
16606,Pisces,Libra,0
12543,Taurus,Aquarius,0
1092,Taurus,Aquarius,0
1027,Scorpio,Capricorn,0
19562,Scorpio,Pisces,0
14459,Taurus,Aquarius,0
21956,Aries,Gemini,0
19775,Scorpio,Aries,0
24686,Scorpio,Aries,0
15680,Cancer,Taurus,0
15000,Gemini,Gemini,0
20123,Cancer,Gemini,0
3307,Sagittarius,Libra,0
12498,Scorpio,Leo,0
10349,Cancer,Aquarius,0
8811,Aries,Gemini,0
19158,Capricorn,Capricorn,0
20413,Pisces,Scorpio,0
7337,Capricorn,Gemini,0
4835,Taurus,Sagittarius,0
23401,Virgo,Virgo,0
13645,Gemini,Cancer,0
22019,Aries,Libra,0
11003,Gemini,Capricorn,0
20284,Pisces,Pisces,0
7729,Taurus,Sagittarius,0
15541,Leo,Capricorn,0
9886,Gemini,Pisces,0
6470,Sagittarius,Capricorn,0
15540,Pisces,Gemini,0
21387,Libra,Aquarius,0
21648,Capricorn,Pisces,0
7463,Virgo,Taurus,0
14369,Leo,Cancer,0
23181,Pisces,Scorpio,0
12902,Leo,Scorpio,0
13380,Capricorn,Cancer,0
23354,Aquarius,Aries,0
15830,Sagittarius,Virgo,0
11989,Aquarius,Leo,0
19311,Cancer,Virgo,0
24447,Libra,Virgo,0
9548,Scorpio,Sagittarius,0
12602,Pisces,Cancer,0
12710,Sagittarius,Aquarius,0
4023,Scorpio,Gemini,0
17665,Aquarius,Pisces,0
19429,Cancer,Scorpio,0
13319,Leo,Gemini,0
23790,Aquarius,Scorpio,0
4382,Virgo,Virgo,0
23024,Scorpio,Libra,0
7678,Pisces,Aquarius,0
10736,Taurus,Scorpio,0
9139,Cancer,Cancer,0
20414,Aries,Libra,0
22322,Capricorn,Taurus,0
7039,Aquarius,Aquarius,0
6128,Cancer,Aries,0
1499,Capricorn,Scorpio,0
17297,Virgo,Capricorn,0
21283,Cancer,Cancer,0
20192,Aquarius,Sagittarius,0
10395,Gemini,Sagittarius,0
3767,Sagittarius,Capricorn,0
4464,Gemini,Aries,0
13301,Gemini,Libra,0
8898,Aquarius,Sagittarius,0
12514,Leo,Cancer,0
411,Cancer,Leo,0
4189,Leo,Virgo,0
4797,Scorpio,Sagittarius,0
18663,Aries,Gemini,0
10345,Pisces,Pisces,0
20805,Scorpio,Sagittarius,0
7153,Gemini,Libra,0
16993,Aries,Leo,0
1554,Aquarius,Aquarius,0
3034,Leo,Pisces,0
22158,Taurus,Taurus,0
14114,Libra,Aquarius,0
19635,Virgo,Gemini,0
9982,Aquarius,Cancer,0
5568,Sagittarius,Capricorn,0
4551,Gemini,Leo,0
19284,Pisces,Cancer,0
11898,Scorpio,Cancer,0
8469,Aquarius,Gemini,0
9655,Scorpio,Virgo,0
2396,Cancer,Cancer,0
18131,Scorpio,Aries,0
1561,Aries,Virgo,0
17976,Scorpio,Capricorn,0
8988,Scorpio,Leo,0
11213,Leo,Taurus,0
7515,Taurus,Gemini,0
15723,Aquarius,Capricorn,0
18775,Taurus,Leo,0
10080,Leo,Sagittarius,0
11404,Sagittarius,Libra,0
2575,Capricorn,Cancer,0
16331,Pisces,Leo,0
18606,Scorpio,Cancer,0
1830,Aquarius,Libra,0
10006,Sagittarius,Virgo,0
11375,Pisces,Pisces,0
5057,Taurus,Virgo,0
7402,Leo,Gemini,0
14009,Capricorn,Leo,0
22064,Virgo,Cancer,0
20525,Taurus,Leo,0
24715,Cancer,Scorpio,0
12865,Gemini,Gemini,0
13270,Scorpio,Virgo,0
9355,Gemini,Sagittarius,0
21808,Leo,Gemini,0
16454,Sagittarius,Virgo,0
8472,Aquarius,Sagittarius,0
19014,Scorpio,Scorpio,0
13992,Aries,Taurus,0
10880,Capricorn,Gemini,0
21531,Virgo,Libra,0
633,Gemini,Sagittarius,0
17027,Aquarius,Aries,0
12280,Gemini,Gemini,0
15237,Taurus,Scorpio,0
19360,Cancer,Virgo,0
2310,Sagittarius,Leo,0
16171,Virgo,Leo,0
6091,Scorpio,Libra,0
24045,Aquarius,Virgo,0
17520,Aries,Pisces,0
16578,Gemini,Cancer,0
6090,Leo,Gemini,0
3620,Leo,Aries,0
16395,Aries,Capricorn,0
1458,Aquarius,Aries,0
8566,Cancer,Cancer,0
21270,Pisces,Taurus,0
534,Libra,Aquarius,0
4745,Leo,Cancer,0
14109,Pisces,Sagittarius,0
19785,Libra,Taurus,0
482,Cancer,Gemini,0
2461,Pisces,Pisces,0
18665,Scorpio,Sagittarius,0
13835,Aries,Pisces,0
14112,Capricorn,Gemini,0
10461,Capricorn,Leo,0
21186,Libra,Aquarius,0
21128,Libra,Sagittarius,0
16437,Capricorn,Capricorn,0
20768,Aries,Libra,0
9436,Leo,Aries,0
17258,Aries,Virgo,0
7488,Virgo,Gemini,0
381,Capricorn,Gemini,0
21642,Pisces,Pisces,0
21229,Leo,Cancer,0
17559,Sagittarius,Aries,0
18457,Cancer,Taurus,0
11195,Leo,Capricorn,0
23683,Cancer,Gemini,0
827,Leo,Virgo,0
4313,Aquarius,Libra,0
1375,Virgo,Sagittarius,0
19126,Virgo,Scorpio,0
6644,Pisces,Sagittarius,0
5969,Aquarius,Cancer,0
18703,Cancer,Gemini,0
4404,Scorpio,Virgo,0
19175,Sagittarius,Taurus,0
16865,Sagittarius,Aquarius,0
4283,Cancer,Leo,0
13430,Leo,Leo,0
15605,Libra,Capricorn,0
1147,Pisces,Scorpio,0
17888,Libra,Virgo,0
19675,Libra,Gemini,0
10966,Aries,Leo,0
3377,Scorpio,Leo,0
14737,Taurus,Sagittarius,0
18382,Sagittarius,Sagittarius,0
24095,Virgo,Pisces,0
13762,Libra,Gemini,0
21509,Aries,Aries,0
14078,Sagittarius,Capricorn,0
11145,Libra,Sagittarius,0
15158,Virgo,Virgo,0
19151,Taurus,Leo,0
14872,Libra,Cancer,0
23123,Sagittarius,Aquarius,0
5841,Aries,Leo,0
14230,Capricorn,Taurus,0
20705,Taurus,Capricorn,0
11855,Virgo,Cancer,0
3174,Gemini,Taurus,0
19368,Scorpio,Cancer,0
9172,Leo,Pisces,0
3460,Scorpio,Cancer,0
15364,Aquarius,Leo,0
24507,Leo,Aries,0
6365,Libra,Aries,0
14750,Libra,Taurus,0
9282,Aries,Leo,0
15082,Cancer,Scorpio,0
22981,Gemini,Taurus,0
3462,Libra,Pisces,0
12248,Scorpio,Sagittarius,0
15010,Taurus,Leo,0
22154,Gemini,Gemini,0
4039,Scorpio,Libra,0
59,Leo,Pisces,0
3248,Scorpio,Pisces,0
13062,Leo,Taurus,0
12275,Aquarius,Capricorn,0
20336,Aries,Virgo,0
14694,Sagittarius,Taurus,0
11981,Taurus,Gemini,0
13066,Gemini,Aquarius,0
17325,Libra,Capricorn,0
2136,Cancer,Aquarius,0
19297,Aquarius,Gemini,0
20887,Sagittarius,Libra,0
9343,Scorpio,Aries,0
13954,Capricorn,Pisces,0
17607,Scorpio,Aries,0
9703,Aries,Aries,0
18248,Virgo,Pisces,0
18907,Gemini,Aquarius,0
17358,Cancer,Virgo,0
7995,Libra,Aries,0
7115,Pisces,Aries,0
14999,Scorpio,Sagittarius,0
19154,Scorpio,Cancer,0
9818,Scorpio,Sagittarius,0
7365,Aquarius,Aquarius,0
24588,Scorpio,Cancer,0
2416,Scorpio,Sagittarius,0
24250,Aquarius,Cancer,0
7122,Pisces,Gemini,0
17387,Scorpio,Gemini,0
8646,Leo,Gemini,0
20055,Virgo,Cancer,0
24091,Scorpio,Aquarius,0
21046,Capricorn,Pisces,0
17565,Taurus,Leo,0
5409,Aquarius,Aquarius,0
15697,Cancer,Aquarius,0
17079,Aquarius,Pisces,0
13917,Pisces,Leo,0
23561,Virgo,Taurus,0
10146,Pisces,Virgo,0
16609,Libra,Libra,0
971,Leo,Leo,0
612,Scorpio,Aquarius,0
21494,Capricorn,Libra,0
16888,Libra,Aquarius,0
21069,Aquarius,Leo,0
21130,Leo,Virgo,0
4289,Aquarius,Cancer,0
8187,Gemini,Capricorn,0
23283,Virgo,Taurus,0
14843,Sagittarius,Aquarius,0
21237,Gemini,Capricorn,0
20643,Gemini,Virgo,0
6019,Taurus,Libra,0
19004,Virgo,Sagittarius,0
23427,Scorpio,Pisces,0
2338,Scorpio,Libra,0
18396,Gemini,Scorpio,0
5250,Cancer,Sagittarius,0
3564,Virgo,Libra,0
17204,Cancer,Sagittarius,0
2472,Libra,Pisces,0
9360,Aries,Capricorn,0
8107,Aquarius,Leo,0
21807,Sagittarius,Sagittarius,0
9514,Pisces,Aquarius,0
12920,Taurus,Aries,0
17351,Capricorn,Pisces,0
22786,Pisces,Scorpio,0
4012,Aquarius,Cancer,0
1895,Aries,Capricorn,0
24219,Cancer,Gemini,0
16995,Aquarius,Capricorn,0
21524,Aries,Gemini,0
17552,Aries,Cancer,0
20700,Aries,Aries,0
4378,Sagittarius,Sagittarius,0
2758,Sagittarius,Leo,0
17874,Leo,Sagittarius,0
15761,Pisces,Leo,0
16293,Scorpio,Virgo,0
8840,Gemini,Scorpio,0
4438,Aquarius,Gemini,0
4036,Capricorn,Sagittarius,0
22189,Libra,Libra,0
3925,Cancer,Libra,0
4185,Leo,Taurus,0
13710,Cancer,Aries,0
317,Gemini,Sagittarius,0
11516,Cancer,Scorpio,0
19215,Aries,Leo,0
879,Aries,Capricorn,0
19491,Gemini,Gemini,0
4386,Aquarius,Pisces,0
14653,Virgo,Capricorn,0
17718,Libra,Sagittarius,0
4028,Aquarius,Pisces,0
4604,Virgo,Pisces,0
13354,Gemini,Capricorn,0
3415,Aries,Virgo,0
6171,Aries,Taurus,0
18376,Sagittarius,Gemini,0
10388,Sagittarius,Aries,0
19357,Aquarius,Aquarius,0
15433,Pisces,Virgo,0
12284,Leo,Capricorn,0
18886,Gemini,Libra,0
15420,Sagittarius,Aquarius,0
17147,Aquarius,Cancer,0
17378,Libra,Leo,0
6394,Aquarius,Virgo,0
5867,Scorpio,Cancer,0
6009,Taurus,Aries,0
20755,Cancer,Aquarius,0
10551,Libra,Scorpio,0
19955,Libra,Sagittarius,0
5209,Pisces,Cancer,0
18280,Taurus,Scorpio,0
7498,Pisces,Cancer,0
1891,Aquarius,Sagittarius,0
23963,Aries,Sagittarius,0
18337,Pisces,Leo,0
15676,Capricorn,Capricorn,0
6526,Scorpio,Gemini,0
24493,Sagittarius,Scorpio,0
10831,Libra,Scorpio,0
7779,Cancer,Capricorn,0
2132,Cancer,Cancer,0
8491,Gemini,Pisces,0
12600,Libra,Leo,0
18307,Cancer,Aries,0
11591,Libra,Gemini,0
1742,Taurus,Scorpio,0
10189,Libra,Gemini,0
451,Cancer,Pisces,0
19941,Virgo,Pisces,0
10822,Virgo,Libra,0
23341,Pisces,Aquarius,0
22592,Cancer,Aquarius,0
17562,Virgo,Leo,0
11835,Aquarius,Cancer,0
4573,Virgo,Sagittarius,0
23134,Aries,Pisces,0
22282,Leo,Scorpio,0
15698,Sagittarius,Cancer,0
5349,Libra,Leo,0
5444,Virgo,Aries,0
11026,Virgo,Virgo,0
7251,Taurus,Leo,0
11967,Pisces,Scorpio,0
18366,Pisces,Aries,0
4471,Capricorn,Libra,0
22868,Pisces,Aquarius,0
35,Taurus,Cancer,0
4460,Libra,Cancer,0
8102,Libra,Scorpio,0
13193,Aquarius,Pisces,0
18175,Sagittarius,Cancer,0
1935,Gemini,Sagittarius,0
4056,Aries,Libra,0
13008,Sagittarius,Cancer,0
4730,Virgo,Sagittarius,0
1967,Aries,Pisces,0
2895,Sagittarius,Capricorn,0
497,Gemini,Gemini,0
24253,Libra,Aquarius,0
22875,Aries,Scorpio,0
3662,Taurus,Capricorn,0
21660,Leo,Aries,0
23504,Taurus,Virgo,0
18995,Aries,Virgo,0
12473,Cancer,Cancer,0
6820,Gemini,Aries,0
9370,Virgo,Cancer,0
22670,Capricorn,Cancer,0
6997,Virgo,Aries,0
1028,Scorpio,Pisces,0
13704,Taurus,Leo,0
18894,Virgo,Scorpio,0
1921,Pisces,Scorpio,0
18664,Virgo,Scorpio,0
12049,Gemini,Leo,0
19484,Capricorn,Scorpio,0
10064,Leo,Sagittarius,0
4597,Taurus,Gemini,0
10527,Virgo,Libra,0
18733,Capricorn,Gemini,0
13539,Aquarius,Aries,0
14304,Taurus,Scorpio,0
20261,Scorpio,Capricorn,0
6827,Taurus,Cancer,0
5611,Libra,Scorpio,0
504,Virgo,Capricorn,0
18128,Sagittarius,Taurus,0
21622,Cancer,Aries,0
24407,Gemini,Sagittarius,0
502,Cancer,Aquarius,0
13635,Cancer,Virgo,0
20501,Aquarius,Sagittarius,0
16950,Virgo,Virgo,0
22408,Taurus,Virgo,0
10666,Leo,Scorpio,0
11710,Leo,Libra,0
22799,Scorpio,Taurus,0
16581,Cancer,Aries,0
12319,Aquarius,Capricorn,0
24239,Aries,Scorpio,0
18649,Leo,Sagittarius,0
10292,Gemini,Libra,0
14913,Taurus,Taurus,0
5854,Scorpio,Gemini,0
2500,Leo,Aries,0
12743,Pisces,Cancer,0
8238,Taurus,Scorpio,0
13226,Virgo,Cancer,0
13856,Aquarius,Taurus,0
15052,Virgo,Scorpio,0
15703,Sagittarius,Aries,0
15657,Leo,Virgo,0
20415,Pisces,Aquarius,0
13845,Pisces,Aries,0
3407,Libra,Libra,0
7887,Gemini,Aries,0
3269,Libra,Taurus,0
3238,Leo,Scorpio,0
9467,Aquarius,Scorpio,0
6607,Capricorn,Aries,0
8046,Taurus,Sagittarius,0
20464,Cancer,Cancer,0
10625,Scorpio,Aries,0
19927,Capricorn,Capricorn,0
19049,Aquarius,Sagittarius,0
20656,Taurus,Leo,0
22405,Virgo,Virgo,0
811,Pisces,Gemini,0
2927,Aries,Gemini,0
19804,Capricorn,Scorpio,0
21374,Aquarius,Sagittarius,0
3922,Capricorn,Virgo,0
15574,Leo,Aquarius,0
11363,Sagittarius,Aquarius,0
22523,Scorpio,Leo,0
13628,Aries,Aquarius,0
13278,Sagittarius,Leo,0
22874,Capricorn,Sagittarius,0
17013,Taurus,Pisces,0
4764,Libra,Virgo,0
15352,Scorpio,Scorpio,0
9279,Aries,Scorpio,0
22994,Virgo,Taurus,0
2063,Scorpio,Aries,0
22620,Taurus,Taurus,0
3855,Virgo,Virgo,0
17612,Libra,Gemini,0
8294,Libra,Leo,0
17493,Virgo,Capricorn,0
19068,Capricorn,Sagittarius,0
13336,Aries,Capricorn,0
22236,Scorpio,Taurus,0
19565,Scorpio,Virgo,0
11872,Pisces,Gemini,0
7590,Aries,Leo,0
5208,Aquarius,Sagittarius,0
6036,Aries,Libra,0
19409,Virgo,Taurus,0
7969,Libra,Scorpio,0
1155,Leo,Pisces,0
19289,Sagittarius,Scorpio,0
10619,Aquarius,Leo,0
6871,Pisces,Aquarius,0
19974,Capricorn,Pisces,0
669,Aquarius,Cancer,0
16877,Capricorn,Aquarius,0
21643,Taurus,Leo,0
2196,Pisces,Capricorn,0
3033,Aquarius,Leo,0
1176,Libra,Virgo,0
6573,Pisces,Aries,0
20085,Leo,Taurus,0
22564,Aries,Libra,0
5178,Sagittarius,Aries,0
24452,Cancer,Aquarius,0
23153,Aries,Capricorn,0
6895,Scorpio,Cancer,0
14504,Libra,Leo,0
16964,Gemini,Libra,0
4177,Taurus,Sagittarius,0
9838,Taurus,Pisces,0
3299,Pisces,Leo,0
24311,Cancer,Aries,0
17285,Pisces,Aries,0
1075,Scorpio,Taurus,0
19434,Cancer,Pisces,0
15562,Scorpio,Scorpio,0
22423,Aquarius,Taurus,0
12738,Gemini,Scorpio,0
6119,Taurus,Taurus,0
5923,Scorpio,Aries,0
17817,Capricorn,Virgo,0
20813,Capricorn,Leo,0
10478,Cancer,Cancer,0
10192,Scorpio,Aquarius,0
16792,Cancer,Cancer,0
19394,Aries,Scorpio,0
14677,Pisces,Gemini,0
21881,Capricorn,Capricorn,0
16335,Capricorn,Virgo,0
18550,Capricorn,Libra,0
4705,Libra,Pisces,0
23336,Cancer,Libra,0
8827,Taurus,Aries,0
20571,Aries,Virgo,0
20966,Leo,Aries,0
24343,Aries,Aries,0
5772,Leo,Libra,0
14676,Libra,Aquarius,0
17360,Aries,Libra,0
6516,Scorpio,Leo,0
17744,Gemini,Pisces,0
13474,Pisces,Gemini,0
13094,Aquarius,Pisces,0
614,Libra,Scorpio,0
1474,Gemini,Capricorn,0
1049,Taurus,Capricorn,0
907,Aquarius,Capricorn,0
22432,Sagittarius,Leo,0
24506,Gemini,Leo,0
21216,Aries,Aries,0
16722,Scorpio,Virgo,0
22895,Aquarius,Aquarius,0
24026,Aquarius,Virgo,0
10284,Pisces,Aquarius,0
21491,Aquarius,Libra,0
555,Cancer,Aquarius,0
16715,Aries,Cancer,0
7725,Libra,Cancer,0
3787,Libra,Aries,0
508,Scorpio,Sagittarius,0
20999,Gemini,Aquarius,0
9781,Libra,Taurus,0
24371,Libra,Scorpio,0
5273,Aries,Virgo,0
6121,Scorpio,Capricorn,0
11068,Aquarius,Cancer,0
14924,Pisces,Aries,0
8097,Scorpio,Sagittarius,0
3599,Capricorn,Aries,0
24312,Taurus,Pisces,0
15787,Taurus,Scorpio,0
15914,Sagittarius,Sagittarius,0
7663,Leo,Cancer,0
21194,Libra,Gemini,0
8731,Virgo,Cancer,0
18251,Capricorn,Aries,0
18071,Sagittarius,Gemini,0
23001,Capricorn,Gemini,0
4135,Pisces,Sagittarius,0
22170,Pisces,Taurus,0
23609,Aries,Cancer,0
648,Libra,Taurus,0
20468,Virgo,Aquarius,0
2675,Aquarius,Libra,0
18063,Virgo,Capricorn,0
23923,Gemini,Gemini,0
19629,Gemini,Libra,0
24197,Gemini,Aquarius,0
24092,Cancer,Virgo,0
5135,Aries,Capricorn,0
15277,Scorpio,Aquarius,0
24556,Sagittarius,Aries,0
11703,Scorpio,Pisces,0
21831,Leo,Cancer,0
11761,Aquarius,Capricorn,0
11360,Pisces,Libra,0
7629,Libra,Aquarius,0
2733,Aries,Cancer,0
11081,Taurus,Capricorn,0
23137,Aries,Taurus,0
21319,Cancer,Leo,0
2488,Libra,Capricorn,0
13353,Sagittarius,Aries,0
6617,Scorpio,Virgo,0
750,Aries,Aries,0
2047,Virgo,Sagittarius,0
11434,Scorpio,Aries,0
17969,Libra,Gemini,0
18081,Leo,Scorpio,0
7649,Gemini,Aquarius,0
4092,Scorpio,Pisces,0
10923,Pisces,Virgo,0
21788,Libra,Scorpio,0
18089,Gemini,Sagittarius,0
2289,Sagittarius,Virgo,0
14163,Cancer,Virgo,0
6299,Leo,Aries,0
5516,Gemini,Capricorn,0
8792,Virgo,Scorpio,0
22093,Aquarius,Cancer,0
10241,Virgo,Pisces,0
10973,Sagittarius,Virgo,0
815,Virgo,Leo,0
8378,Aries,Libra,0
9881,Libra,Virgo,0
23108,Cancer,Capricorn,0
12018,Pisces,Scorpio,0
767,Virgo,Taurus,0
4825,Gemini,Libra,0
4412,Virgo,Virgo,0
17634,Pisces,Virgo,0
17066,Libra,Leo,0
15195,Aquarius,Sagittarius,0
20175,Capricorn,Virgo,0
9564,Leo,Virgo,0
2419,Gemini,Aries,0
5388,Pisces,Virgo,0
2718,Aries,Scorpio,0
4325,Aries,Pisces,0
16818,Gemini,Cancer,0
28,Libra,Virgo,0
7502,Libra,Aquarius,0
4305,Scorpio,Scorpio,0
18800,Gemini,Cancer,0
11494,Virgo,Taurus,0
1640,Libra,Virgo,0
23817,Taurus,Capricorn,0
17946,Virgo,Aquarius,0
22729,Leo,Pisces,0
9051,Scorpio,Virgo,0
24669,Libra,Aquarius,0
22847,Taurus,Aquarius,0
12633,Gemini,Virgo,0
18715,Virgo,Pisces,0
17052,Sagittarius,Taurus,0
20852,Pisces,Aries,0
9844,Leo,Sagittarius,0
24073,Pisces,Taurus,0
10540,Libra,Taurus,0
9939,Aries,Cancer,0
9719,Leo,Sagittarius,0
16588,Aquarius,Taurus,0
9238,Virgo,Scorpio,0
21905,Taurus,Scorpio,0
7756,Aries,Capricorn,0
4131,Capricorn,Gemini,0
18590,Leo,Aquarius,0
57,Leo,Libra,0
5404,Sagittarius,Pisces,0
13448,Taurus,Sagittarius,0
3430,Cancer,Cancer,0
9788,Taurus,Aquarius,0
14095,Aries,Taurus,0
13323,Libra,Cancer,0
22320,Capricorn,Capricorn,0
23502,Virgo,Virgo,0
3089,Capricorn,Gemini,0
11260,Scorpio,Capricorn,0
13030,Cancer,Cancer,0
11287,Libra,Aries,0
10909,Pisces,Cancer,0
19046,Taurus,Aries,0
19064,Taurus,Scorpio,0
10474,Aquarius,Libra,0
23375,Gemini,Pisces,0
13610,Aries,Pisces,0
21252,Libra,Cancer,0
10510,Libra,Capricorn,0
19509,Taurus,Cancer,0
11541,Gemini,Gemini,0
22197,Taurus,Taurus,0
18313,Scorpio,Gemini,0
1262,Capricorn,Gemini,0
11246,Taurus,Virgo,0
17272,Leo,Libra,0
6155,Capricorn,Libra,0
997,Aquarius,Scorpio,0
11261,Aries,Pisces,0
10422,Pisces,Scorpio,0
16774,Libra,Aquarius,0
13240,Aries,Aries,0
20943,Cancer,Aquarius,0
9867,Pisces,Libra,0
22637,Capricorn,Taurus,0
6316,Pisces,Gemini,0
12287,Pisces,Cancer,0
22697,Sagittarius,Virgo,0
15744,Taurus,Aries,0
22327,Taurus,Scorpio,0
20620,Aries,Cancer,0
3674,Virgo,Gemini,0
14004,Sagittarius,Pisces,0
16430,Scorpio,Pisces,0
778,Leo,Cancer,0
14752,Aquarius,Pisces,0
6779,Leo,Cancer,0
10872,Pisces,Libra,0
12070,Taurus,Taurus,0
53,Sagittarius,Aries,0
15097,Pisces,Gemini,0
4083,Virgo,Sagittarius,0
24068,Taurus,Virgo,0
23673,Scorpio,Capricorn,0
4485,Virgo,Aries,0
8597,Taurus,Capricorn,0
21172,Taurus,Sagittarius,0
16704,Aries,Leo,0
15778,Pisces,Sagittarius,0
13224,Capricorn,Sagittarius,0
7166,Virgo,Libra,0
9607,Cancer,Cancer,0
10297,Cancer,Capricorn,0
8767,Gemini,Gemini,0
20054,Pisces,Gemini,0
8428,Scorpio,Aries,0
24100,Libra,Capricorn,0
22931,Aries,Scorpio,0
1097,Aquarius,Pisces,0
22141,Scorpio,Aries,0
3440,Libra,Capricorn,0
3,Scorpio,Sagittarius,1
5,Capricorn,Capricorn,1
10,Cancer,Scorpio,1
13,Virgo,Leo,1
22,Aquarius,Leo,1
30,Virgo,Libra,1
55,Sagittarius,Capricorn,1
68,Scorpio,Sagittarius,1
70,Gemini,Aquarius,1
83,Aries,Taurus,1
98,Sagittarius,Scorpio,1
110,Aquarius,Aries,1
133,Scorpio,Aquarius,1
143,Libra,Libra,1
175,Scorpio,Cancer,1
185,Capricorn,Sagittarius,1
187,Capricorn,Gemini,1
202,Aries,Aries,1
203,Pisces,Taurus,1
206,Aries,Aries,1
209,Aquarius,Cancer,1
223,Leo,Sagittarius,1
229,Gemini,Capricorn,1
236,Aries,Aquarius,1
237,Leo,Scorpio,1
241,Taurus,Cancer,1
243,Leo,Gemini,1
245,Cancer,Sagittarius,1
247,Leo,Scorpio,1
264,Libra,Aquarius,1
269,Gemini,Pisces,1
272,Cancer,Virgo,1
284,Pisces,Aquarius,1
287,Aries,Aquarius,1
292,Gemini,Taurus,1
296,Sagittarius,Libra,1
301,Pisces,Cancer,1
312,Aquarius,Aquarius,1
319,Cancer,Scorpio,1
324,Gemini,Leo,1
331,Virgo,Virgo,1
335,Virgo,Aries,1
343,Aquarius,Libra,1
344,Virgo,Aries,1
346,Aquarius,Scorpio,1
363,Pisces,Leo,1
367,Capricorn,Pisces,1
375,Gemini,Aquarius,1
387,Virgo,Aries,1
403,Pisces,Capricorn,1
422,Capricorn,Cancer,1
434,Aquarius,Taurus,1
435,Libra,Virgo,1
437,Aries,Pisces,1
509,Leo,Aquarius,1
529,Sagittarius,Capricorn,1
547,Libra,Cancer,1
552,Taurus,Libra,1
554,Aries,Libra,1
557,Sagittarius,Scorpio,1
558,Virgo,Virgo,1
562,Gemini,Aquarius,1
574,Virgo,Capricorn,1
578,Libra,Taurus,1
593,Virgo,Pisces,1
595,Taurus,Gemini,1
605,Virgo,Virgo,1
606,Capricorn,Aries,1
609,Libra,Aquarius,1
622,Gemini,Gemini,1
630,Gemini,Aries,1
635,Sagittarius,Sagittarius,1
636,Gemini,Aquarius,1
642,Leo,Pisces,1
659,Aries,Leo,1
663,Sagittarius,Capricorn,1
666,Leo,Pisces,1
672,Cancer,Cancer,1
682,Virgo,Virgo,1
687,Virgo,Scorpio,1
694,Aquarius,Capricorn,1
716,Taurus,Sagittarius,1
735,Virgo,Libra,1
739,Aries,Aries,1
741,Aries,Aquarius,1
742,Pisces,Gemini,1
749,Sagittarius,Virgo,1
754,Cancer,Gemini,1
763,Taurus,Pisces,1
774,Cancer,Taurus,1
775,Leo,Taurus,1
776,Aquarius,Cancer,1
781,Gemini,Scorpio,1
787,Taurus,Cancer,1
788,Scorpio,Gemini,1
790,Aquarius,Gemini,1
797,Cancer,Aquarius,1
801,Taurus,Sagittarius,1
802,Gemini,Cancer,1
803,Virgo,Capricorn,1
806,Capricorn,Aquarius,1
810,Taurus,Libra,1
813,Sagittarius,Virgo,1
818,Capricorn,Taurus,1
830,Scorpio,Leo,1
841,Cancer,Gemini,1
848,Capricorn,Gemini,1
856,Cancer,Leo,1
884,Pisces,Cancer,1
885,Libra,Leo,1
886,Cancer,Leo,1
891,Capricorn,Libra,1
895,Capricorn,Sagittarius,1
899,Gemini,Leo,1
904,Virgo,Leo,1
915,Scorpio,Scorpio,1
918,Leo,Aquarius,1
925,Leo,Taurus,1
934,Sagittarius,Capricorn,1
945,Virgo,Aries,1
956,Libra,Pisces,1
958,Capricorn,Pisces,1
961,Aries,Gemini,1
962,Aquarius,Virgo,1
976,Cancer,Aries,1
978,Capricorn,Cancer,1
987,Scorpio,Pisces,1
1011,Libra,Libra,1
1016,Sagittarius,Taurus,1
1022,Taurus,Scorpio,1
1026,Taurus,Gemini,1
1029,Virgo,Capricorn,1
1032,Pisces,Capricorn,1
1042,Taurus,Capricorn,1
1043,Libra,Sagittarius,1
1072,Aquarius,Capricorn,1
1078,Taurus,Taurus,1
1082,Libra,Aquarius,1
1083,Cancer,Leo,1
1110,Cancer,Libra,1
1114,Taurus,Taurus,1
1115,Sagittarius,Capricorn,1
1146,Aquarius,Scorpio,1
1151,Capricorn,Scorpio,1
1167,Sagittarius,Cancer,1
1180,Capricorn,Gemini,1
1184,Sagittarius,Cancer,1
1212,Sagittarius,Sagittarius,1
1217,Capricorn,Leo,1
1223,Gemini,Aquarius,1
1230,Scorpio,Aquarius,1
1234,Pisces,Scorpio,1
1239,Virgo,Leo,1
1242,Leo,Aries,1
1246,Libra,Libra,1
1248,Libra,Sagittarius,1
1256,Scorpio,Sagittarius,1
1261,Aquarius,Capricorn,1
1272,Gemini,Pisces,1
1294,Aries,Cancer,1
1296,Taurus,Aquarius,1
1299,Capricorn,Aquarius,1
1303,Pisces,Libra,1
1316,Taurus,Cancer,1
1318,Capricorn,Leo,1
1344,Taurus,Pisces,1
1353,Capricorn,Aquarius,1
1358,Taurus,Leo,1
1377,Virgo,Libra,1
1396,Sagittarius,Aquarius,1
1399,Pisces,Pisces,1
1447,Leo,Virgo,1
1449,Gemini,Scorpio,1
1463,Scorpio,Capricorn,1
1466,Scorpio,Pisces,1
1469,Sagittarius,Libra,1
1504,Libra,Sagittarius,1
1513,Sagittarius,Virgo,1
1533,Aries,Aries,1
1543,Leo,Pisces,1
1545,Libra,Cancer,1
1552,Cancer,Leo,1
1557,Cancer,Aquarius,1
1587,Sagittarius,Leo,1
1612,Aries,Gemini,1
1631,Scorpio,Leo,1
1632,Leo,Leo,1
1647,Sagittarius,Aries,1
1674,Sagittarius,Leo,1
1694,Virgo,Scorpio,1
1699,Taurus,Aries,1
1704,Aquarius,Taurus,1
1708,Pisces,Sagittarius,1
1718,Cancer,Virgo,1
1746,Capricorn,Aquarius,1
1748,Capricorn,Sagittarius,1
1750,Libra,Capricorn,1
1755,Taurus,Aries,1
1775,Aries,Sagittarius,1
1779,Leo,Sagittarius,1
1788,Taurus,Libra,1
1792,Virgo,Capricorn,1
1803,Scorpio,Taurus,1
1817,Capricorn,Sagittarius,1
1826,Pisces,Aquarius,1
1842,Capricorn,Capricorn,1
1852,Leo,Aries,1
1888,Libra,Aquarius,1
1898,Leo,Taurus,1
1926,Scorpio,Gemini,1
1927,Leo,Scorpio,1
1941,Leo,Pisces,1
1956,Virgo,Cancer,1
1958,Gemini,Taurus,1
1961,Scorpio,Cancer,1
1969,Libra,Cancer,1
1974,Libra,Taurus,1
1978,Aries,Scorpio,1
1980,Sagittarius,Sagittarius,1
1982,Cancer,Libra,1
1988,Cancer,Pisces,1
2019,Cancer,Virgo,1
2020,Taurus,Pisces,1
2033,Libra,Leo,1
2039,Cancer,Cancer,1
2044,Cancer,Pisces,1
2056,Leo,Taurus,1
2059,Cancer,Sagittarius,1
2065,Aries,Gemini,1
2068,Scorpio,Capricorn,1
2074,Scorpio,Scorpio,1
2082,Scorpio,Leo,1
2087,Cancer,Cancer,1
2093,Pisces,Sagittarius,1
2100,Cancer,Capricorn,1
2111,Aquarius,Gemini,1
2118,Capricorn,Gemini,1
2133,Virgo,Leo,1
2140,Taurus,Taurus,1
2150,Pisces,Pisces,1
2156,Taurus,Sagittarius,1
2162,Scorpio,Leo,1
2164,Pisces,Scorpio,1
2172,Cancer,Aquarius,1
2175,Aries,Virgo,1
2180,Pisces,Virgo,1
2183,Virgo,Scorpio,1
2192,Aquarius,Cancer,1
2207,Libra,Scorpio,1
2208,Gemini,Taurus,1
2209,Virgo,Leo,1
2218,Capricorn,Capricorn,1
2223,Sagittarius,Sagittarius,1
2244,Capricorn,Leo,1
2268,Cancer,Pisces,1
2273,Aries,Leo,1
2279,Scorpio,Libra,1
2282,Virgo,Scorpio,1
2288,Scorpio,Leo,1
2291,Aquarius,Scorpio,1
2296,Cancer,Capricorn,1
2297,Capricorn,Taurus,1
2313,Pisces,Scorpio,1
2315,Gemini,Cancer,1
2364,Gemini,Sagittarius,1
2379,Aries,Aquarius,1
2388,Aquarius,Cancer,1
2394,Libra,Scorpio,1
2398,Virgo,Leo,1
2423,Aries,Pisces,1
2434,Cancer,Taurus,1
2444,Taurus,Libra,1
2465,Aries,Cancer,1
2475,Cancer,Aquarius,1
2493,Leo,Leo,1
2499,Virgo,Sagittarius,1
2501,Sagittarius,Libra,1
2515,Sagittarius,Virgo,1
2536,Scorpio,Pisces,1
2539,Pisces,Aries,1
2540,Aries,Taurus,1
2543,Virgo,Aries,1
2546,Aquarius,Aquarius,1
2553,Taurus,Sagittarius,1
2554,Virgo,Leo,1
2556,Pisces,Pisces,1
2562,Aquarius,Pisces,1
2565,Leo,Sagittarius,1
2567,Scorpio,Cancer,1
2579,Libra,Aquarius,1
2582,Gemini,Leo,1
2590,Virgo,Libra,1
2600,Aries,Cancer,1
2606,Taurus,Aquarius,1
2616,Pisces,Sagittarius,1
2617,Libra,Scorpio,1
2631,Gemini,Leo,1
2632,Gemini,Libra,1
2648,Aquarius,Gemini,1
2651,Pisces,Aquarius,1
2670,Pisces,Gemini,1
2690,Taurus,Aries,1
2707,Scorpio,Scorpio,1
2709,Cancer,Gemini,1
2712,Aries,Aquarius,1
2721,Aries,Aries,1
2722,Virgo,Pisces,1
2724,Leo,Pisces,1
2730,Aquarius,Aquarius,1
2750,Sagittarius,Pisces,1
2753,Virgo,Taurus,1
2757,Leo,Taurus,1
2769,Libra,Aries,1
2784,Scorpio,Pisces,1
2788,Capricorn,Sagittarius,1
2805,Scorpio,Aquarius,1
2820,Capricorn,Gemini,1
2845,Libra,Cancer,1
2848,Cancer,Aquarius,1
2856,Pisces,Virgo,1
2861,Aquarius,Aquarius,1
2905,Pisces,Gemini,1
2908,Virgo,Leo,1
2923,Taurus,Taurus,1
2928,Aquarius,Virgo,1
2950,Virgo,Scorpio,1
2956,Scorpio,Gemini,1
2968,Scorpio,Taurus,1
2978,Aquarius,Cancer,1
2980,Gemini,Taurus,1
3012,Aquarius,Capricorn,1
3021,Gemini,Taurus,1
3028,Taurus,Pisces,1
3046,Aries,Sagittarius,1
3047,Leo,Pisces,1
3057,Virgo,Cancer,1
3063,Leo,Capricorn,1
3079,Taurus,Virgo,1
3084,Virgo,Cancer,1
3086,Scorpio,Cancer,1
3088,Pisces,Taurus,1
3091,Leo,Pisces,1
3094,Capricorn,Virgo,1
3118,Libra,Libra,1
3132,Scorpio,Sagittarius,1
3148,Leo,Cancer,1
3151,Virgo,Libra,1
3152,Scorpio,Gemini,1
3155,Sagittarius,Libra,1
3175,Taurus,Pisces,1
3187,Scorpio,Pisces,1
3196,Libra,Capricorn,1
3200,Cancer,Capricorn,1
3227,Taurus,Gemini,1
3266,Aquarius,Cancer,1
3275,Gemini,Taurus,1
3288,Scorpio,Aries,1
3303,Taurus,Cancer,1
3315,Sagittarius,Sagittarius,1
3355,Leo,Pisces,1
3370,Sagittarius,Cancer,1
3372,Aquarius,Aquarius,1
3384,Cancer,Pisces,1
3390,Sagittarius,Sagittarius,1
3394,Aries,Leo,1
3400,Virgo,Aquarius,1
3401,Taurus,Virgo,1
3414,Cancer,Aquarius,1
3424,Aries,Sagittarius,1
3450,Pisces,Leo,1
3455,Taurus,Sagittarius,1
3464,Gemini,Scorpio,1
3468,Virgo,Leo,1
3470,Virgo,Cancer,1
3478,Pisces,Gemini,1
3479,Taurus,Leo,1
3481,Leo,Capricorn,1
3492,Virgo,Aquarius,1
3500,Scorpio,Taurus,1
3505,Aries,Libra,1
3521,Leo,Gemini,1
3528,Libra,Aries,1
3559,Sagittarius,Scorpio,1
3567,Capricorn,Cancer,1
3569,Pisces,Virgo,1
3571,Pisces,Taurus,1
3573,Aries,Libra,1
3575,Pisces,Pisces,1
3577,Scorpio,Virgo,1
3600,Leo,Pisces,1
3633,Capricorn,Sagittarius,1
3635,Aquarius,Taurus,1
3651,Leo,Aquarius,1
3657,Gemini,Leo,1
3661,Aquarius,Aries,1
3668,Scorpio,Pisces,1
3675,Virgo,Pisces,1
3680,Taurus,Taurus,1
3709,Cancer,Capricorn,1
3743,Cancer,Leo,1
3747,Cancer,Sagittarius,1
3748,Taurus,Leo,1
3763,Capricorn,Gemini,1
3821,Pisces,Pisces,1
3828,Pisces,Libra,1
3831,Gemini,Pisces,1
3848,Aquarius,Scorpio,1
3854,Aquarius,Pisces,1
3858,Capricorn,Leo,1
3865,Capricorn,Gemini,1
3871,Pisces,Capricorn,1
3899,Virgo,Scorpio,1
3900,Pisces,Gemini,1
3902,Libra,Gemini,1
3907,Pisces,Leo,1
3908,Pisces,Libra,1
3910,Cancer,Sagittarius,1
3923,Leo,Taurus,1
3948,Aquarius,Capricorn,1
3952,Leo,Taurus,1
3956,Virgo,Capricorn,1
3963,Pisces,Virgo,1
3990,Leo,Virgo,1
4008,Libra,Libra,1
4011,Leo,Cancer,1
4015,Capricorn,Leo,1
4020,Gemini,Taurus,1
4033,Capricorn,Sagittarius,1
4034,Leo,Aries,1
4042,Pisces,Gemini,1
4046,Aquarius,Gemini,1
4062,Virgo,Gemini,1
4068,Leo,Virgo,1
4073,Capricorn,Sagittarius,1
4086,Capricorn,Capricorn,1
4089,Leo,Libra,1
4091,Gemini,Scorpio,1
4094,Pisces,Virgo,1
4117,Libra,Capricorn,1
4124,Libra,Capricorn,1
4138,Sagittarius,Taurus,1
4144,Capricorn,Leo,1
4162,Scorpio,Gemini,1
4170,Leo,Sagittarius,1
4176,Virgo,Pisces,1
4210,Leo,Leo,1
4211,Taurus,Capricorn,1
4248,Gemini,Taurus,1
4249,Capricorn,Libra,1
4268,Aquarius,Aries,1
4271,Aquarius,Leo,1
4292,Leo,Taurus,1
4304,Aquarius,Aries,1
4323,Aries,Scorpio,1
4373,Pisces,Leo,1
4377,Pisces,Virgo,1
4398,Aries,Taurus,1
4399,Aquarius,Capricorn,1
4418,Aries,Gemini,1
4433,Sagittarius,Aries,1
4467,Aries,Pisces,1
4473,Virgo,Libra,1
4474,Leo,Pisces,1
4476,Aries,Capricorn,1
4481,Sagittarius,Leo,1
4560,Virgo,Libra,1
4569,Virgo,Cancer,1
4576,Leo,Gemini,1
4601,Cancer,Capricorn,1
4609,Aquarius,Taurus,1
4668,Capricorn,Aquarius,1
4695,Libra,Taurus,1
4721,Leo,Scorpio,1
4727,Scorpio,Leo,1
4756,Gemini,Taurus,1
4781,Capricorn,Aquarius,1
4798,Taurus,Capricorn,1
4803,Sagittarius,Leo,1
4805,Scorpio,Libra,1
4810,Pisces,Gemini,1
4814,Leo,Aquarius,1
4819,Gemini,Pisces,1
4826,Virgo,Cancer,1
4827,Capricorn,Virgo,1
4840,Leo,Capricorn,1
4846,Aquarius,Cancer,1
4852,Pisces,Aquarius,1
4875,Taurus,Virgo,1
4876,Virgo,Pisces,1
4877,Sagittarius,Aquarius,1
4896,Taurus,Pisces,1
4903,Scorpio,Libra,1
4911,Cancer,Libra,1
4945,Libra,Scorpio,1
4950,Gemini,Capricorn,1
4985,Libra,Scorpio,1
4986,Aquarius,Cancer,1
4988,Pisces,Aquarius,1
5011,Cancer,Aries,1
5015,Leo,Leo,1
5020,Virgo,Leo,1
5023,Leo,Leo,1
5029,Virgo,Cancer,1
5034,Sagittarius,Aquarius,1
5038,Cancer,Leo,1
5045,Capricorn,Leo,1
5063,Cancer,Cancer,1
5066,Virgo,Pisces,1
5078,Cancer,Taurus,1
5091,Leo,Taurus,1
5099,Virgo,Gemini,1
5106,Taurus,Leo,1
5118,Capricorn,Aquarius,1
5121,Libra,Virgo,1
5129,Virgo,Gemini,1
5131,Sagittarius,Cancer,1
5132,Gemini,Pisces,1
5134,Capricorn,Capricorn,1
5139,Leo,Leo,1
5152,Cancer,Leo,1
5175,Libra,Sagittarius,1
5177,Gemini,Aquarius,1
5181,Gemini,Aries,1
5197,Virgo,Leo,1
5214,Pisces,Aquarius,1
5238,Cancer,Taurus,1
5256,Leo,Pisces,1
5257,Libra,Capricorn,1
5261,Pisces,Pisces,1
5270,Sagittarius,Sagittarius,1
5278,Taurus,Virgo,1
5288,Cancer,Libra,1
5290,Virgo,Virgo,1
5306,Virgo,Virgo,1
5330,Virgo,Taurus,1
5345,Cancer,Cancer,1
5351,Libra,Aquarius,1
5370,Capricorn,Libra,1
5372,Virgo,Sagittarius,1
5373,Virgo,Libra,1
5382,Cancer,Leo,1
5418,Taurus,Gemini,1
5449,Gemini,Cancer,1
5473,Virgo,Scorpio,1
5493,Gemini,Libra,1
5497,Gemini,Scorpio,1
5523,Sagittarius,Sagittarius,1
5525,Scorpio,Leo,1
5528,Leo,Libra,1
5549,Aquarius,Sagittarius,1
5555,Sagittarius,Pisces,1
5556,Cancer,Sagittarius,1
5563,Capricorn,Virgo,1
5569,Pisces,Aquarius,1
5571,Aquarius,Capricorn,1
5598,Capricorn,Aquarius,1
5603,Taurus,Leo,1
5607,Aquarius,Sagittarius,1
5609,Taurus,Cancer,1
5614,Capricorn,Gemini,1
5617,Leo,Capricorn,1
5618,Leo,Aries,1
5654,Capricorn,Aquarius,1
5657,Aquarius,Gemini,1
5659,Capricorn,Taurus,1
5664,Cancer,Cancer,1
5676,Pisces,Cancer,1
5680,Aquarius,Pisces,1
5691,Scorpio,Capricorn,1
5708,Scorpio,Taurus,1
5720,Libra,Libra,1
5723,Scorpio,Pisces,1
5732,Leo,Capricorn,1
5736,Cancer,Scorpio,1
5739,Aquarius,Gemini,1
5762,Gemini,Aquarius,1
5771,Aquarius,Capricorn,1
5787,Gemini,Sagittarius,1
5809,Aries,Libra,1
5842,Aries,Libra,1
5888,Sagittarius,Pisces,1
5895,Gemini,Aquarius,1
5901,Aries,Gemini,1
5915,Taurus,Taurus,1
5963,Taurus,Cancer,1
5978,Cancer,Virgo,1
5991,Aries,Sagittarius,1
5999,Scorpio,Aquarius,1
6022,Libra,Scorpio,1
6077,Gemini,Virgo,1
6082,Leo,Virgo,1
6095,Libra,Aquarius,1
6096,Virgo,Leo,1
6102,Cancer,Virgo,1
6125,Aquarius,Virgo,1
6129,Scorpio,Libra,1
6137,Aquarius,Leo,1
6157,Leo,Aquarius,1
6158,Leo,Aquarius,1
6165,Capricorn,Leo,1
6174,Gemini,Pisces,1
6175,Taurus,Libra,1
6203,Cancer,Gemini,1
6208,Leo,Scorpio,1
6211,Aries,Pisces,1
6241,Aries,Scorpio,1
6243,Leo,Aries,1
6257,Gemini,Capricorn,1
6266,Scorpio,Scorpio,1
6268,Aquarius,Taurus,1
6287,Sagittarius,Virgo,1
6301,Gemini,Scorpio,1
6305,Aquarius,Scorpio,1
6308,Leo,Cancer,1
6329,Sagittarius,Taurus,1
6331,Libra,Virgo,1
6357,Leo,Cancer,1
6362,Aries,Capricorn,1
6370,Leo,Gemini,1
6430,Gemini,Scorpio,1
6432,Aquarius,Leo,1
6450,Sagittarius,Taurus,1
6464,Cancer,Pisces,1
6475,Gemini,Scorpio,1
6476,Leo,Leo,1
6486,Scorpio,Scorpio,1
6501,Virgo,Libra,1
6506,Capricorn,Pisces,1
6514,Taurus,Gemini,1
6519,Scorpio,Aries,1
6522,Virgo,Libra,1
6525,Sagittarius,Leo,1
6528,Leo,Capricorn,1
6542,Libra,Virgo,1
6543,Virgo,Virgo,1
6547,Pisces,Sagittarius,1
6550,Cancer,Aquarius,1
6554,Libra,Libra,1
6562,Pisces,Aries,1
6569,Capricorn,Gemini,1
6589,Capricorn,Scorpio,1
6595,Aries,Gemini,1
6613,Leo,Cancer,1
6619,Virgo,Taurus,1
6629,Scorpio,Aries,1
6663,Leo,Libra,1
6668,Cancer,Aries,1
6672,Libra,Scorpio,1
6690,Capricorn,Gemini,1
6700,Pisces,Capricorn,1
6701,Taurus,Capricorn,1
6708,Pisces,Gemini,1
6716,Pisces,Taurus,1
6718,Cancer,Pisces,1
6728,Pisces,Leo,1
6732,Scorpio,Leo,1
6737,Leo,Capricorn,1
6742,Libra,Sagittarius,1
6780,Leo,Leo,1
6787,Scorpio,Taurus,1
6808,Scorpio,Libra,1
6813,Pisces,Pisces,1
6817,Virgo,Leo,1
6825,Aquarius,Scorpio,1
6834,Cancer,Scorpio,1
6868,Libra,Virgo,1
6886,Taurus,Libra,1
6892,Aries,Capricorn,1
6910,Libra,Leo,1
6916,Scorpio,Scorpio,1
6921,Pisces,Gemini,1
6923,Sagittarius,Libra,1
6926,Pisces,Libra,1
6945,Sagittarius,Pisces,1
6946,Aquarius,Aquarius,1
6948,Taurus,Pisces,1
6957,Leo,Taurus,1
6968,Leo,Virgo,1
6973,Scorpio,Gemini,1
6985,Cancer,Libra,1
6986,Sagittarius,Libra,1
6999,Libra,Cancer,1
7008,Capricorn,Aquarius,1
7019,Gemini,Sagittarius,1
7020,Scorpio,Aquarius,1
7027,Libra,Libra,1
7030,Scorpio,Taurus,1
7032,Pisces,Sagittarius,1
7044,Leo,Scorpio,1
7075,Cancer,Pisces,1
7104,Sagittarius,Sagittarius,1
7105,Libra,Taurus,1
7106,Taurus,Aries,1
7108,Pisces,Scorpio,1
7121,Pisces,Leo,1
7140,Sagittarius,Leo,1
7148,Sagittarius,Aries,1
7151,Scorpio,Scorpio,1
7157,Virgo,Aquarius,1
7184,Scorpio,Taurus,1
7187,Aquarius,Pisces,1
7188,Cancer,Aquarius,1
7193,Virgo,Aries,1
7211,Cancer,Capricorn,1
7214,Pisces,Cancer,1
7217,Virgo,Gemini,1
7236,Taurus,Aquarius,1
7238,Virgo,Scorpio,1
7270,Aquarius,Cancer,1
7275,Leo,Pisces,1
7320,Cancer,Virgo,1
7329,Sagittarius,Libra,1
7392,Leo,Virgo,1
7406,Taurus,Leo,1
7417,Taurus,Cancer,1
7420,Libra,Aries,1
7467,Libra,Gemini,1
7493,Gemini,Pisces,1
7497,Gemini,Leo,1
7514,Scorpio,Cancer,1
7555,Leo,Scorpio,1
7578,Leo,Scorpio,1
7582,Capricorn,Libra,1
7583,Scorpio,Virgo,1
7603,Capricorn,Aquarius,1
7616,Leo,Capricorn,1
7623,Gemini,Libra,1
7631,Pisces,Pisces,1
7717,Scorpio,Leo,1
7738,Aquarius,Virgo,1
7783,Pisces,Virgo,1
7793,Scorpio,Scorpio,1
7799,Scorpio,Taurus,1
7819,Sagittarius,Taurus,1
7823,Capricorn,Cancer,1
7834,Cancer,Pisces,1
7838,Sagittarius,Aquarius,1
7853,Scorpio,Capricorn,1
7855,Taurus,Sagittarius,1
7857,Leo,Capricorn,1
7859,Aries,Libra,1
7885,Aquarius,Virgo,1
7894,Taurus,Gemini,1
7905,Scorpio,Virgo,1
7910,Taurus,Leo,1
7912,Gemini,Libra,1
7913,Gemini,Scorpio,1
7931,Sagittarius,Scorpio,1
7933,Leo,Sagittarius,1
7948,Sagittarius,Gemini,1
7964,Pisces,Taurus,1
7986,Gemini,Sagittarius,1
8024,Taurus,Aquarius,1
8033,Sagittarius,Virgo,1
8037,Pisces,Leo,1
8040,Gemini,Taurus,1
8047,Cancer,Libra,1
8062,Aquarius,Virgo,1
8089,Gemini,Sagittarius,1
8114,Pisces,Scorpio,1
8117,Taurus,Scorpio,1
8142,Pisces,Virgo,1
8144,Aquarius,Scorpio,1
8153,Aquarius,Aries,1
8164,Libra,Libra,1
8171,Leo,Taurus,1
8178,Capricorn,Libra,1
8193,Cancer,Cancer,1
8198,Taurus,Virgo,1
8200,Aquarius,Taurus,1
8203,Virgo,Pisces,1
8217,Leo,Libra,1
8236,Pisces,Libra,1
8266,Aries,Libra,1
8268,Taurus,Capricorn,1
8270,Leo,Virgo,1
8285,Cancer,Aquarius,1
8303,Taurus,Taurus,1
8307,Leo,Aquarius,1
8314,Capricorn,Aries,1
8317,Virgo,Scorpio,1
8322,Virgo,Capricorn,1
8327,Virgo,Libra,1
8344,Aquarius,Leo,1
8414,Cancer,Sagittarius,1
8418,Scorpio,Aquarius,1
8419,Leo,Libra,1
8424,Virgo,Cancer,1
8436,Taurus,Taurus,1
8504,Taurus,Virgo,1
8512,Cancer,Taurus,1
8541,Libra,Cancer,1
8548,Aquarius,Gemini,1
8576,Scorpio,Libra,1
8599,Sagittarius,Virgo,1
8604,Leo,Taurus,1
8615,Libra,Capricorn,1
8619,Sagittarius,Cancer,1
8636,Scorpio,Gemini,1
8644,Aries,Sagittarius,1
8655,Aquarius,Sagittarius,1
8656,Aquarius,Libra,1
8660,Aries,Virgo,1
8672,Capricorn,Aries,1
8681,Libra,Virgo,1
8684,Taurus,Taurus,1
8685,Taurus,Virgo,1
8687,Pisces,Capricorn,1
8705,Aquarius,Cancer,1
8719,Cancer,Capricorn,1
8723,Taurus,Virgo,1
8724,Aries,Capricorn,1
8733,Scorpio,Capricorn,1
8742,Taurus,Leo,1
8746,Aries,Leo,1
8759,Gemini,Virgo,1
8777,Pisces,Scorpio,1
8805,Aquarius,Cancer,1
8821,Taurus,Capricorn,1
8822,Libra,Gemini,1
8825,Virgo,Pisces,1
8836,Sagittarius,Scorpio,1
8847,Aquarius,Aquarius,1
8851,Sagittarius,Scorpio,1
8852,Aquarius,Aries,1
8863,Scorpio,Gemini,1
8873,Scorpio,Scorpio,1
8882,Leo,Capricorn,1
8926,Sagittarius,Libra,1
9027,Virgo,Taurus,1
9029,Leo,Cancer,1
9031,Cancer,Gemini,1
9060,Cancer,Taurus,1
9064,Cancer,Aries,1
9110,Sagittarius,Scorpio,1
9114,Scorpio,Libra,1
9115,Gemini,Capricorn,1
9121,Scorpio,Taurus,1
9122,Aries,Aquarius,1
9127,Cancer,Taurus,1
9155,Cancer,Scorpio,1
9175,Capricorn,Capricorn,1
9216,Sagittarius,Leo,1
9230,Cancer,Aries,1
9244,Libra,Scorpio,1
9263,Aquarius,Leo,1
9290,Virgo,Cancer,1
9315,Cancer,Cancer,1
9326,Aquarius,Aquarius,1
9412,Scorpio,Taurus,1
9415,Cancer,Libra,1
9450,Virgo,Libra,1
9456,Pisces,Aquarius,1
9465,Gemini,Virgo,1
9472,Sagittarius,Virgo,1
9480,Virgo,Sagittarius,1
9485,Gemini,Aries,1
9489,Sagittarius,Capricorn,1
9509,Gemini,Gemini,1
9526,Gemini,Gemini,1
9531,Capricorn,Scorpio,1
9546,Capricorn,Libra,1
9550,Leo,Taurus,1
9553,Capricorn,Scorpio,1
9561,Sagittarius,Capricorn,1
9571,Gemini,Libra,1
9573,Virgo,Leo,1
9585,Capricorn,Virgo,1
9599,Cancer,Cancer,1
9620,Pisces,Leo,1
9639,Cancer,Cancer,1
9641,Scorpio,Pisces,1
9663,Gemini,Leo,1
9665,Scorpio,Capricorn,1
9671,Aquarius,Gemini,1
9682,Leo,Sagittarius,1
9700,Leo,Libra,1
9706,Aquarius,Scorpio,1
9717,Aquarius,Aries,1
9746,Aquarius,Libra,1
9790,Virgo,Sagittarius,1
9791,Gemini,Virgo,1
9820,Libra,Sagittarius,1
9829,Taurus,Sagittarius,1
9834,Sagittarius,Pisces,1
9835,Gemini,Scorpio,1
9882,Leo,Capricorn,1
9890,Pisces,Cancer,1
9891,Leo,Libra,1
9906,Scorpio,Aries,1
9923,Libra,Taurus,1
9924,Libra,Sagittarius,1
9925,Virgo,Scorpio,1
9928,Libra,Cancer,1
9933,Virgo,Libra,1
10091,Aquarius,Aquarius,1
10098,Taurus,Cancer,1
10100,Aries,Scorpio,1
10107,Scorpio,Aries,1
10116,Capricorn,Sagittarius,1
10128,Taurus,Virgo,1
10144,Aries,Libra,1
10150,Taurus,Cancer,1
10164,Cancer,Aquarius,1
10181,Taurus,Sagittarius,1
10203,Pisces,Taurus,1
10211,Sagittarius,Pisces,1
10239,Scorpio,Pisces,1
10249,Gemini,Pisces,1
10320,Pisces,Scorpio,1
10343,Leo,Aries,1
10382,Aquarius,Leo,1
10384,Cancer,Aquarius,1
10390,Gemini,Aquarius,1
10444,Leo,Aries,1
10484,Aquarius,Taurus,1
10493,Libra,Sagittarius,1
10542,Gemini,Capricorn,1
10543,Pisces,Scorpio,1
10545,Virgo,Leo,1
10547,Libra,Leo,1
10555,Leo,Scorpio,1
10566,Cancer,Virgo,1
10578,Gemini,Leo,1
10582,Virgo,Pisces,1
10583,Gemini,Capricorn,1
10589,Aquarius,Cancer,1
10590,Cancer,Gemini,1
10627,Scorpio,Virgo,1
10655,Cancer,Pisces,1
10682,Virgo,Sagittarius,1
10689,Taurus,Taurus,1
10716,Gemini,Aries,1
10729,Aquarius,Leo,1
10739,Aries,Cancer,1
10762,Taurus,Libra,1
10806,Taurus,Sagittarius,1
10843,Taurus,Sagittarius,1
10853,Capricorn,Gemini,1
10881,Sagittarius,Taurus,1
10893,Virgo,Gemini,1
10894,Scorpio,Leo,1
10921,Virgo,Taurus,1
10929,Scorpio,Aries,1
10940,Virgo,Aquarius,1
11018,Leo,Taurus,1
11034,Capricorn,Leo,1
11049,Aquarius,Pisces,1
11110,Scorpio,Leo,1
11112,Scorpio,Scorpio,1
11131,Virgo,Cancer,1
11152,Taurus,Gemini,1
11155,Scorpio,Taurus,1
11177,Sagittarius,Leo,1
11215,Gemini,Gemini,1
11216,Scorpio,Taurus,1
11219,Aries,Gemini,1
11238,Pisces,Pisces,1
11243,Pisces,Capricorn,1
11254,Libra,Aries,1
11273,Leo,Gemini,1
11286,Aquarius,Libra,1
11304,Virgo,Gemini,1
11329,Sagittarius,Virgo,1
11364,Virgo,Gemini,1
11366,Taurus,Taurus,1
11407,Aries,Virgo,1
11416,Aquarius,Leo,1
11420,Cancer,Cancer,1
11422,Capricorn,Pisces,1
11453,Scorpio,Cancer,1
11462,Leo,Libra,1
11468,Gemini,Aries,1
11509,Cancer,Capricorn,1
11531,Taurus,Cancer,1
11544,Sagittarius,Aries,1
11551,Gemini,Scorpio,1
11564,Scorpio,Pisces,1
11583,Taurus,Cancer,1
11596,Taurus,Taurus,1
11611,Aquarius,Scorpio,1
11618,Libra,Sagittarius,1
11620,Taurus,Aquarius,1
11639,Aries,Taurus,1
11640,Virgo,Virgo,1
11642,Cancer,Leo,1
11657,Sagittarius,Gemini,1
11659,Leo,Leo,1
11671,Taurus,Aquarius,1
11694,Virgo,Virgo,1
11696,Scorpio,Virgo,1
11698,Virgo,Pisces,1
11715,Taurus,Leo,1
11716,Cancer,Cancer,1
11718,Virgo,Taurus,1
11734,Aquarius,Leo,1
11745,Virgo,Scorpio,1
11767,Sagittarius,Aries,1
11814,Sagittarius,Gemini,1
11858,Aries,Cancer,1
11908,Libra,Sagittarius,1
11922,Libra,Gemini,1
11940,Scorpio,Aries,1
11980,Capricorn,Aries,1
11982,Cancer,Aries,1
11986,Cancer,Sagittarius,1
12052,Libra,Aquarius,1
12112,Scorpio,Scorpio,1
12136,Virgo,Taurus,1
12143,Pisces,Aquarius,1
12185,Taurus,Aries,1
12207,Leo,Pisces,1
12209,Capricorn,Cancer,1
12219,Cancer,Pisces,1
12220,Pisces,Libra,1
12272,Virgo,Gemini,1
12341,Taurus,Pisces,1
12343,Scorpio,Pisces,1
12351,Sagittarius,Scorpio,1
12395,Gemini,Leo,1
12431,Libra,Virgo,1
12434,Aries,Virgo,1
12452,Taurus,Sagittarius,1
12511,Sagittarius,Virgo,1
12533,Aries,Leo,1
12538,Taurus,Aries,1
12560,Libra,Leo,1
12604,Virgo,Sagittarius,1
12632,Libra,Gemini,1
12668,Cancer,Aries,1
12709,Capricorn,Aries,1
12722,Sagittarius,Aries,1
12727,Pisces,Leo,1
12766,Aries,Aries,1
12805,Pisces,Capricorn,1
12813,Pisces,Aries,1
12827,Pisces,Scorpio,1
12858,Gemini,Gemini,1
12867,Sagittarius,Aries,1
12868,Gemini,Aquarius,1
12882,Taurus,Libra,1
12916,Gemini,Aquarius,1
12923,Taurus,Pisces,1
12927,Gemini,Capricorn,1
12939,Cancer,Aquarius,1
12956,Leo,Gemini,1
12979,Aries,Scorpio,1
12991,Sagittarius,Libra,1
13019,Sagittarius,Cancer,1
13024,Pisces,Virgo,1
13040,Taurus,Virgo,1
13059,Gemini,Virgo,1
13069,Scorpio,Capricorn,1
13070,Pisces,Aries,1
13078,Aquarius,Scorpio,1
13086,Sagittarius,Sagittarius,1
13106,Scorpio,Libra,1
13128,Cancer,Cancer,1
13149,Cancer,Aquarius,1
13176,Libra,Sagittarius,1
13179,Pisces,Leo,1
13251,Leo,Pisces,1
13274,Pisces,Aries,1
13286,Taurus,Capricorn,1
13299,Taurus,Libra,1
13300,Cancer,Aquarius,1
13303,Scorpio,Sagittarius,1
13318,Scorpio,Cancer,1
13341,Taurus,Libra,1
13362,Virgo,Leo,1
13370,Virgo,Scorpio,1
13401,Sagittarius,Libra,1
13416,Taurus,Sagittarius,1
13447,Scorpio,Virgo,1
13702,Leo,Taurus,1
13717,Aries,Cancer,1
13739,Aries,Taurus,1
13758,Libra,Gemini,1
13765,Cancer,Taurus,1
13855,Aries,Sagittarius,1
13891,Capricorn,Aries,1
13913,Cancer,Virgo,1
13942,Aquarius,Gemini,1
13949,Pisces,Aries,1
13981,Cancer,Cancer,1
14073,Taurus,Virgo,1
14115,Cancer,Sagittarius,1
14117,Cancer,Sagittarius,1
14122,Scorpio,Aries,1
14123,Scorpio,Aries,1
14209,Scorpio,Virgo,1
14262,Aries,Pisces,1
14263,Gemini,Capricorn,1
14270,Leo,Sagittarius,1
14283,Virgo,Aries,1
14292,Gemini,Scorpio,1
14295,Scorpio,Cancer,1
14311,Libra,Cancer,1
14320,Scorpio,Sagittarius,1
14334,Leo,Scorpio,1
14335,Libra,Sagittarius,1
14345,Taurus,Virgo,1
14351,Scorpio,Cancer,1
14364,Capricorn,Gemini,1
14377,Aries,Capricorn,1
14385,Aquarius,Aries,1
14408,Capricorn,Capricorn,1
14410,Aquarius,Cancer,1
14423,Capricorn,Sagittarius,1
14429,Virgo,Taurus,1
14447,Pisces,Gemini,1
14492,Scorpio,Capricorn,1
14502,Libra,Virgo,1
14508,Gemini,Libra,1
14543,Virgo,Aquarius,1
14602,Cancer,Leo,1
14618,Sagittarius,Pisces,1
14622,Leo,Scorpio,1
14625,Aquarius,Scorpio,1
14647,Cancer,Leo,1
14654,Sagittarius,Aquarius,1
14701,Gemini,Gemini,1
14705,Gemini,Libra,1
14710,Taurus,Cancer,1
14722,Capricorn,Gemini,1
14738,Libra,Libra,1
14742,Libra,Cancer,1
14745,Pisces,Aries,1
14758,Virgo,Scorpio,1
14778,Aquarius,Capricorn,1
14780,Virgo,Gemini,1
14788,Sagittarius,Gemini,1
14802,Gemini,Sagittarius,1
14814,Sagittarius,Aries,1
14821,Libra,Taurus,1
14834,Aries,Aries,1
14842,Gemini,Leo,1
14852,Gemini,Scorpio,1
14873,Capricorn,Scorpio,1
14875,Libra,Scorpio,1
14895,Cancer,Leo,1
14903,Aries,Leo,1
14906,Pisces,Aquarius,1
14939,Leo,Aquarius,1
14944,Leo,Cancer,1
14947,Cancer,Gemini,1
14965,Capricorn,Gemini,1
14966,Taurus,Pisces,1
15164,Scorpio,Aquarius,1
15229,Aries,Virgo,1
15251,Cancer,Leo,1
15271,Pisces,Scorpio,1
15375,Aquarius,Aquarius,1
15429,Pisces,Sagittarius,1
15491,Libra,Gemini,1
15497,Aquarius,Capricorn,1
15564,Pisces,Leo,1
15579,Aries,Taurus,1
15601,Taurus,Taurus,1
15641,Sagittarius,Cancer,1
15655,Libra,Aquarius,1
15704,Aquarius,Gemini,1
15716,Capricorn,Taurus,1
15727,Aries,Aries,1
15757,Gemini,Pisces,1
15875,Virgo,Leo,1
15892,Capricorn,Taurus,1
15911,Virgo,Leo,1
15915,Virgo,Sagittarius,1
15925,Aries,Aquarius,1
15946,Taurus,Sagittarius,1
15962,Cancer,Pisces,1
15981,Sagittarius,Aquarius,1
15985,Gemini,Leo,1
16045,Sagittarius,Cancer,1
16059,Sagittarius,Aries,1
16094,Cancer,Scorpio,1
16107,Pisces,Aquarius,1
16116,Cancer,Aries,1
16133,Cancer,Virgo,1
16152,Aquarius,Leo,1
16183,Cancer,Cancer,1
16186,Cancer,Taurus,1
16197,Gemini,Aquarius,1
16256,Virgo,Taurus,1
16262,Leo,Capricorn,1
16283,Gemini,Scorpio,1
16287,Capricorn,Sagittarius,1
16348,Leo,Leo,1
16383,Leo,Pisces,1
16410,Scorpio,Taurus,1
16429,Gemini,Cancer,1
16442,Sagittarius,Aries,1
16484,Aries,Sagittarius,1
16530,Pisces,Libra,1
16543,Virgo,Libra,1
16600,Aries,Gemini,1
16614,Scorpio,Leo,1
16638,Aries,Leo,1
16645,Leo,Aries,1
16687,Libra,Aquarius,1
16727,Aries,Aries,1
16807,Leo,Gemini,1
16959,Sagittarius,Taurus,1
17068,Libra,Leo,1
17069,Capricorn,Aries,1
17123,Sagittarius,Aries,1
17131,Aquarius,Gemini,1
17135,Scorpio,Cancer,1
17163,Leo,Libra,1
17196,Pisces,Aries,1
17232,Sagittarius,Pisces,1
17244,Cancer,Pisces,1
17251,Aquarius,Taurus,1
17361,Gemini,Gemini,1
17376,Aries,Sagittarius,1
17413,Pisces,Cancer,1
17414,Gemini,Pisces,1
17666,Aquarius,Aquarius,1
17686,Pisces,Taurus,1
17691,Virgo,Cancer,1
17695,Virgo,Libra,1
17786,Virgo,Scorpio,1
17860,Sagittarius,Virgo,1
17875,Taurus,Virgo,1
17887,Leo,Aries,1
17889,Gemini,Aquarius,1
17899,Virgo,Scorpio,1
17951,Aquarius,Gemini,1
17983,Leo,Sagittarius,1
18040,Pisces,Virgo,1
18042,Pisces,Pisces,1
18098,Aquarius,Sagittarius,1
18158,Libra,Cancer,1
18168,Sagittarius,Libra,1
18177,Cancer,Aquarius,1
18201,Virgo,Taurus,1
18283,Gemini,Taurus,1
18289,Aries,Cancer,1
18309,Leo,Aries,1
18331,Sagittarius,Cancer,1
18354,Scorpio,Pisces,1
18445,Cancer,Virgo,1
18456,Pisces,Aquarius,1
18538,Capricorn,Sagittarius,1
18542,Aquarius,Aquarius,1
18564,Virgo,Capricorn,1
18572,Gemini,Aquarius,1
18619,Aries,Pisces,1
18693,Scorpio,Taurus,1
18782,Pisces,Scorpio,1
18885,Gemini,Aries,1
18990,Taurus,Aries,1
19084,Virgo,Sagittarius,1
19098,Sagittarius,Gemini,1
19190,Taurus,Taurus,1
19241,Libra,Pisces,1
19275,Scorpio,Pisces,1
19464,Capricorn,Taurus,1
19543,Pisces,Aquarius,1
19557,Sagittarius,Scorpio,1
19559,Scorpio,Aquarius,1
19619,Sagittarius,Capricorn,1
19651,Pisces,Aquarius,1
19658,Cancer,Aquarius,1
19713,Scorpio,Pisces,1
19757,Sagittarius,Scorpio,1
19904,Scorpio,Scorpio,1
19908,Pisces,Leo,1
19966,Virgo,Cancer,1
20203,Sagittarius,Aquarius,1
20212,Libra,Scorpio,1
20240,Taurus,Sagittarius,1
20256,Libra,Capricorn,1
20280,Gemini,Scorpio,1
20319,Cancer,Pisces,1
20339,Gemini,Taurus,1
20401,Gemini,Leo,1
20630,Cancer,Leo,1
21332,Capricorn,Aquarius,1
21359,Aries,Leo,1
21837,Leo,Libra,1
22478,Aquarius,Pisces,1
22848,Sagittarius,Leo,1
